run,model,baseline_rule,model_only_correct,baseline_only_correct,p_value,odds_ratio,odds_ratio_low,odds_ratio_high,accuracy_difference,difference_low,difference_high,clustered_p_value,clusters
m1_name_full_v1,openbmb/minicpm5:q4_K_M,duplicate_distant_name,79,258,2.6367490698662894e-23,0.3062015503875969,0.2381,0.3937,-0.2983,-0.3317,-0.26,0.0001,12
m1_name_full_v1,qwen3.5:2b-q4_K_M,duplicate_distant_name,120,297,2.0610266752410145e-18,0.40404040404040403,0.327,0.4993,-0.295,-0.3267,-0.265,0.0001,12
m1_name_full_v1,granite4.1:3b,duplicate_distant_name,61,141,1.7907697844040582e-08,0.4326241134751773,0.3207,0.5835,-0.1333,-0.1817,-0.0833,0.0001,12
m1_name_full_v1,phi4-mini:latest,duplicate_distant_name,72,167,7.217560242238441e-10,0.4311377245508982,0.3273,0.5679,-0.1583,-0.2,-0.1133,0.0001,12
m1_name_full_v1,qwen3.5:4b,duplicate_distant_name,110,154,0.00801282351576719,0.7142857142857143,0.5596,0.9117,-0.0733,-0.1133,-0.035,0.0001,12
m1_name_full_v1,llama3.1:8b,duplicate_distant_name,1,179,2.362160217415466e-52,0.00558659217877095,0.001,0.0318,-0.2967,-0.3267,-0.2667,0.0001,12
m1_name_full_v1,granite4.1:8b,duplicate_distant_name,97,130,0.03344761083882306,0.7461538461538462,0.574,0.9699,-0.055,-0.105,-0.0017,0.0474,12
m1_name_full_v1,qwen3.5:9b,duplicate_distant_name,88,84,0.8191472524347494,1.0476190476190477,0.7778,1.4111,0.0067,-0.045,0.0583,0.8368,12
m1_name_full_v1,gemma4:e2b,duplicate_distant_name,108,249,5.984087144484754e-14,0.43373493975903615,0.3462,0.5434,-0.235,-0.2767,-0.1933,0.0001,12
m1_name_full_v1,gemma4:12b,duplicate_distant_name,83,86,0.8777899471847899,0.9651162790697675,0.7147,1.3034,-0.005,-0.0533,0.0467,0.8566,12
m1_name_full_v1,phi4:latest,duplicate_distant_name,77,101,0.08443396247897395,0.7623762376237624,0.5674,1.0244,-0.04,-0.0667,-0.0067,0.0228,12
m1_name_full_v1,gemma4:e4b,duplicate_distant_name,116,153,0.027979801403004625,0.7581699346405228,0.596,0.9645,-0.0617,-0.1017,-0.025,0.0001,12
m1_name_name_only_v1,openbmb/minicpm5:q4_K_M,duplicate_distant_name,2,179,1.074848151968717e-50,0.0111731843575419,0.003,0.041,-0.295,-0.325,-0.2633,0.0001,12
m1_name_name_only_v1,qwen3.5:2b-q4_K_M,duplicate_distant_name,17,194,3.142535101564824e-39,0.08762886597938144,0.0536,0.1432,-0.295,-0.33,-0.2633,0.0001,12
m1_name_name_only_v1,granite4.1:3b,duplicate_distant_name,18,193,3.407704370686617e-38,0.09326424870466321,0.0578,0.1505,-0.2917,-0.32,-0.2667,0.0001,12
m1_name_name_only_v1,phi4-mini:latest,duplicate_distant_name,10,185,7.290026360596644e-43,0.05405405405405406,0.0289,0.1011,-0.2917,-0.3267,-0.2533,0.0001,12
m1_name_name_only_v1,qwen3.5:4b,duplicate_distant_name,34,206,3.3282400359566975e-31,0.1650485436893204,0.1151,0.2368,-0.2867,-0.3267,-0.2433,0.0001,12
m1_name_name_only_v1,llama3.1:8b,duplicate_distant_name,1,179,2.362160217415466e-52,0.00558659217877095,0.001,0.0318,-0.2967,-0.3267,-0.2667,0.0001,12
m1_name_name_only_v1,granite4.1:8b,duplicate_distant_name,18,187,1.2727936412119114e-36,0.0962566844919786,0.0596,0.1554,-0.2817,-0.3233,-0.2383,0.0001,12
m1_name_name_only_v1,qwen3.5:9b,duplicate_distant_name,3,181,8.46988598261501e-50,0.016574585635359115,0.0056,0.0491,-0.2967,-0.3283,-0.2667,0.0001,12
m1_name_name_only_v1,gemma4:e2b,duplicate_distant_name,111,281,4.104840301864365e-18,0.39501779359430605,0.3172,0.4919,-0.2833,-0.3217,-0.2467,0.0001,12
m1_name_name_only_v1,gemma4:12b,duplicate_distant_name,12,198,1.441541657971442e-44,0.06060606060606061,0.0341,0.1077,-0.31,-0.3467,-0.2733,0.0001,12
m1_name_name_only_v1,phi4:latest,duplicate_distant_name,2,182,1.388340091872536e-51,0.01098901098901099,0.003,0.0403,-0.3,-0.3283,-0.2733,0.0001,12
m1_name_name_only_v1,gemma4:e4b,duplicate_distant_name,60,223,3.170968293229763e-23,0.26905829596412556,0.2025,0.3575,-0.2717,-0.3133,-0.23,0.0001,12
m1_name_tags_only_v1,openbmb/minicpm5:q4_K_M,duplicate_distant_name,60,236,7.732857788366312e-26,0.2542372881355932,0.1917,0.3372,-0.2933,-0.325,-0.2617,0.0001,12
m1_name_tags_only_v1,qwen3.5:2b-q4_K_M,duplicate_distant_name,74,238,3.1003843687846148e-21,0.31092436974789917,0.2397,0.4033,-0.2733,-0.3167,-0.23,0.0001,12
m1_name_tags_only_v1,granite4.1:3b,duplicate_distant_name,98,280,2.0598805987583146e-21,0.35,0.2782,0.4403,-0.3033,-0.3483,-0.2567,0.0001,12
m1_name_tags_only_v1,phi4-mini:latest,duplicate_distant_name,82,269,2.3090635110429836e-24,0.3048327137546468,0.2382,0.3901,-0.3117,-0.36,-0.2583,0.0001,12
m1_name_tags_only_v1,qwen3.5:4b,duplicate_distant_name,48,224,2.3635590297969347e-28,0.21428571428571427,0.1571,0.2923,-0.2933,-0.3383,-0.25,0.0001,12
m1_name_tags_only_v1,llama3.1:8b,duplicate_distant_name,1,179,2.362160217415466e-52,0.00558659217877095,0.001,0.0318,-0.2967,-0.3267,-0.2667,0.0001,12
m1_name_tags_only_v1,granite4.1:8b,duplicate_distant_name,80,256,1.308564931567928e-22,0.3125,0.2433,0.4014,-0.2933,-0.325,-0.2567,0.0001,12
m1_name_tags_only_v1,qwen3.5:9b,duplicate_distant_name,37,222,2.4695564005859814e-33,0.16666666666666666,0.1179,0.2356,-0.3083,-0.3433,-0.275,0.0001,12
m1_name_tags_only_v1,gemma4:e2b,duplicate_distant_name,92,272,9.00639436537101e-22,0.3382352941176471,0.2672,0.4282,-0.3,-0.33,-0.27,0.0001,12
m1_name_tags_only_v1,gemma4:12b,duplicate_distant_name,81,277,3.300372833092732e-26,0.2924187725631769,0.2284,0.3743,-0.3267,-0.36,-0.2933,0.0001,12
m1_name_tags_only_v1,phi4:latest,duplicate_distant_name,91,271,6.798071766592577e-22,0.33579335793357934,0.265,0.4256,-0.3,-0.3267,-0.2717,0.0001,12
m1_name_tags_only_v1,gemma4:e4b,duplicate_distant_name,108,281,7.187775613348866e-19,0.38434163701067614,0.308,0.4796,-0.2883,-0.3217,-0.2567,0.0001,12
m1_name_neither_v1,openbmb/minicpm5:q4_K_M,duplicate_distant_name,1,179,2.362160217415466e-52,0.00558659217877095,0.001,0.0318,-0.2967,-0.3267,-0.2667,0.0001,12
m1_name_neither_v1,qwen3.5:2b-q4_K_M,duplicate_distant_name,1,179,2.362160217415466e-52,0.00558659217877095,0.001,0.0318,-0.2967,-0.3267,-0.2667,0.0001,12
m1_name_neither_v1,granite4.1:3b,duplicate_distant_name,23,210,5.754659331046973e-39,0.10952380952380952,0.0714,0.1679,-0.3117,-0.355,-0.2683,0.0001,12
m1_name_neither_v1,phi4-mini:latest,duplicate_distant_name,10,188,1.0644556810915939e-43,0.05319148936170213,0.0284,0.0995,-0.2967,-0.3267,-0.2667,0.0001,12
m1_name_neither_v1,qwen3.5:4b,duplicate_distant_name,1,179,2.362160217415466e-52,0.00558659217877095,0.001,0.0318,-0.2967,-0.3267,-0.2667,0.0001,12
m1_name_neither_v1,llama3.1:8b,duplicate_distant_name,1,179,2.362160217415466e-52,0.00558659217877095,0.001,0.0318,-0.2967,-0.3267,-0.2667,0.0001,12
m1_name_neither_v1,granite4.1:8b,duplicate_distant_name,51,227,1.1342513645119094e-27,0.22466960352422907,0.166,0.3041,-0.2933,-0.3417,-0.2433,0.0001,12
m1_name_neither_v1,qwen3.5:9b,duplicate_distant_name,1,179,2.362160217415466e-52,0.00558659217877095,0.001,0.0318,-0.2967,-0.3267,-0.2667,0.0001,12
m1_name_neither_v1,gemma4:e2b,duplicate_distant_name,120,299,1.008395953562956e-18,0.4013377926421405,0.3249,0.4958,-0.2983,-0.3283,-0.2683,0.0001,12
m1_name_neither_v1,gemma4:12b,duplicate_distant_name,1,179,2.362160217415466e-52,0.00558659217877095,0.001,0.0318,-0.2967,-0.3267,-0.2667,0.0001,12
m1_name_neither_v1,phi4:latest,duplicate_distant_name,1,179,2.362160217415466e-52,0.00558659217877095,0.001,0.0318,-0.2967,-0.3267,-0.2667,0.0001,12
m1_name_neither_v1,gemma4:e4b,duplicate_distant_name,121,297,3.579668738468931e-18,0.4074074074074074,0.3299,0.5031,-0.2933,-0.3217,-0.265,0.0001,12
m1_name_name_only_held_v1,openbmb/minicpm5:q4_K_M,duplicate_distant_name,2,178,2.1260747017632793e-50,0.011235955056179775,0.0031,0.0412,-0.2933,-0.325,-0.26,0.0001,12
m1_name_name_only_held_v1,qwen3.5:2b-q4_K_M,duplicate_distant_name,48,220,1.7395157962100737e-27,0.21818181818181817,0.1599,0.2978,-0.2867,-0.33,-0.24,0.0001,12
m1_name_name_only_held_v1,granite4.1:3b,duplicate_distant_name,117,293,1.6135049914690785e-18,0.3993174061433447,0.3224,0.4946,-0.2933,-0.3233,-0.265,0.0001,12
m1_name_name_only_held_v1,phi4-mini:latest,duplicate_distant_name,105,274,1.6351189256698624e-18,0.38321167883211676,0.3062,0.4797,-0.2817,-0.32,-0.2483,0.0001,12
m1_name_name_only_held_v1,qwen3.5:4b,duplicate_distant_name,22,192,4.632538493726902e-35,0.11458333333333333,0.074,0.1775,-0.2833,-0.3217,-0.245,0.0001,12
m1_name_name_only_held_v1,llama3.1:8b,duplicate_distant_name,1,179,2.362160217415466e-52,0.00558659217877095,0.001,0.0318,-0.2967,-0.3267,-0.2667,0.0001,12
m1_name_name_only_held_v1,granite4.1:8b,duplicate_distant_name,60,206,6.511670519274494e-20,0.2912621359223301,0.2187,0.3879,-0.2433,-0.285,-0.1967,0.0001,12
m1_name_name_only_held_v1,qwen3.5:9b,duplicate_distant_name,20,181,1.2517224272498247e-33,0.11049723756906077,0.0699,0.1747,-0.2683,-0.3017,-0.2367,0.0001,12
m1_name_name_only_held_v1,gemma4:e2b,duplicate_distant_name,121,299,1.759695323769092e-18,0.40468227424749165,0.3278,0.4996,-0.2967,-0.3267,-0.2667,0.0001,12
m1_name_name_only_held_v1,gemma4:12b,duplicate_distant_name,13,195,7.775672963263326e-43,0.06666666666666667,0.0383,0.116,-0.3033,-0.345,-0.265,0.0001,12
m1_name_name_only_held_v1,phi4:latest,duplicate_distant_name,55,223,3.685261455214846e-25,0.24663677130044842,0.1838,0.3309,-0.28,-0.3317,-0.23,0.0001,12
m1_name_name_only_held_v1,gemma4:e4b,duplicate_distant_name,60,217,4.836083210015236e-22,0.2764976958525346,0.2079,0.3676,-0.2617,-0.3,-0.2283,0.0001,12
m1_name_tags_only_held_v1,openbmb/minicpm5:q4_K_M,duplicate_distant_name,59,232,2.0440691137297365e-25,0.2543103448275862,0.1913,0.3381,-0.2883,-0.32,-0.2583,0.0001,12
m1_name_tags_only_held_v1,qwen3.5:2b-q4_K_M,duplicate_distant_name,82,249,1.0307236357763064e-20,0.3293172690763052,0.2568,0.4224,-0.2783,-0.32,-0.235,0.0001,12
m1_name_tags_only_held_v1,granite4.1:3b,duplicate_distant_name,106,291,4.854166342315946e-21,0.3642611683848797,0.2918,0.4548,-0.3083,-0.34,-0.275,0.0001,12
m1_name_tags_only_held_v1,phi4-mini:latest,duplicate_distant_name,82,270,1.5027982310469026e-24,0.3037037037037037,0.2374,0.3886,-0.3133,-0.3517,-0.275,0.0001,12
m1_name_tags_only_held_v1,qwen3.5:4b,duplicate_distant_name,58,229,3.3814397493129253e-25,0.25327510917030566,0.1901,0.3375,-0.285,-0.3233,-0.2433,0.0001,12
m1_name_tags_only_held_v1,llama3.1:8b,duplicate_distant_name,1,179,2.362160217415466e-52,0.00558659217877095,0.001,0.0318,-0.2967,-0.3267,-0.2667,0.0001,12
m1_name_tags_only_held_v1,granite4.1:8b,duplicate_distant_name,98,271,6.965431050197171e-20,0.36162361623616235,0.2872,0.4554,-0.2883,-0.32,-0.2567,0.0001,12
m1_name_tags_only_held_v1,qwen3.5:9b,duplicate_distant_name,41,228,1.284273755907859e-32,0.17982456140350878,0.1292,0.2504,-0.3117,-0.355,-0.2717,0.0001,12
m1_name_tags_only_held_v1,gemma4:e2b,duplicate_distant_name,101,285,2.0447918967087624e-21,0.3543859649122807,0.2826,0.4445,-0.3067,-0.345,-0.27,0.0001,12
m1_name_tags_only_held_v1,gemma4:12b,duplicate_distant_name,49,234,4.427356012900279e-30,0.2094017094017094,0.1541,0.2846,-0.3083,-0.3433,-0.2717,0.0001,12
m1_name_tags_only_held_v1,phi4:latest,duplicate_distant_name,100,282,3.464044675612382e-21,0.3546099290780142,0.2824,0.4453,-0.3033,-0.3333,-0.2733,0.0001,12
m1_name_tags_only_held_v1,gemma4:e4b,duplicate_distant_name,104,286,9.449032027929045e-21,0.36363636363636365,0.2907,0.4549,-0.3033,-0.3367,-0.27,0.0001,12
m1_name_full_v2,openbmb/minicpm5:q4_K_M,duplicate_distant_name,58,234,3.202377146408152e-26,0.24786324786324787,0.1861,0.3301,-0.2933,-0.325,-0.2567,0.0001,12
m1_name_full_v2,qwen3.5:2b-q4_K_M,duplicate_distant_name,121,299,1.759695323769092e-18,0.40468227424749165,0.3278,0.4996,-0.2967,-0.3267,-0.2667,0.0001,12
m1_name_full_v2,granite4.1:3b,duplicate_distant_name,44,136,3.9455924099737465e-12,0.3235294117647059,0.2307,0.4538,-0.1533,-0.2017,-0.1067,0.0001,12
m1_name_full_v2,phi4-mini:latest,duplicate_distant_name,107,216,1.3109601221427892e-09,0.49537037037037035,0.3931,0.6242,-0.1817,-0.2367,-0.1183,0.0001,12
m1_name_full_v2,qwen3.5:4b,duplicate_distant_name,100,172,1.4997717658225214e-05,0.5813953488372093,0.4547,0.7434,-0.12,-0.1683,-0.0717,0.0001,12
m1_name_full_v2,llama3.1:8b,duplicate_distant_name,1,179,2.362160217415466e-52,0.00558659217877095,0.001,0.0318,-0.2967,-0.3267,-0.2667,0.0001,12
m1_name_full_v2,granite4.1:8b,duplicate_distant_name,73,79,0.6852087510703433,0.9240506329113924,0.6731,1.2686,-0.01,-0.0467,0.0383,0.6478,12
m1_name_full_v2,qwen3.5:9b,duplicate_distant_name,65,99,0.009756084718005844,0.6565656565656566,0.4808,0.8966,-0.0567,-0.1117,-0.005,0.0346,12
m1_name_full_v2,gemma4:e2b,duplicate_distant_name,71,188,2.207249930486872e-13,0.3776595744680851,0.2877,0.4958,-0.195,-0.2417,-0.145,0.0001,12
m1_name_full_v2,gemma4:12b,duplicate_distant_name,42,126,6.009507673225859e-11,0.3333333333333333,0.2355,0.4718,-0.14,-0.185,-0.09,0.0001,12
m1_name_full_v2,phi4:latest,duplicate_distant_name,29,130,1.805589187552801e-16,0.2230769230769231,0.1496,0.3327,-0.1683,-0.2033,-0.1367,0.0001,12
m1_name_full_v2,gemma4:e4b,duplicate_distant_name,76,109,0.018396427006796487,0.6972477064220184,0.5208,0.9336,-0.055,-0.095,-0.0083,0.0234,12
m1_name_full_v1_unconstrained,openbmb/minicpm5:q4_K_M,duplicate_distant_name,68,235,1.0966666279118297e-22,0.28936170212765955,0.2211,0.3787,-0.2783,-0.3333,-0.22,0.0001,12
m1_name_full_v1_unconstrained,qwen3.5:2b-q4_K_M,duplicate_distant_name,89,271,1.685838612311858e-22,0.3284132841328413,0.2586,0.417,-0.3033,-0.335,-0.2683,0.0001,12
m1_name_full_v1_unconstrained,granite4.1:3b,duplicate_distant_name,61,141,1.7907697844040582e-08,0.4326241134751773,0.3207,0.5835,-0.1333,-0.1817,-0.0833,0.0001,12
m1_name_full_v1_unconstrained,phi4-mini:latest,duplicate_distant_name,75,170,1.192963248884925e-09,0.4411764705882353,0.3365,0.5784,-0.1583,-0.1983,-0.115,0.0001,12
m1_name_full_v1_unconstrained,qwen3.5:4b,duplicate_distant_name,91,163,7.3500272001960554e-06,0.558282208588957,0.4323,0.721,-0.12,-0.155,-0.09,0.0001,12
m1_name_full_v1_unconstrained,llama3.1:8b,duplicate_distant_name,1,179,2.362160217415466e-52,0.00558659217877095,0.001,0.0318,-0.2967,-0.3267,-0.2667,0.0001,12
m1_name_full_v1_unconstrained,granite4.1:8b,duplicate_distant_name,87,116,0.049121479460897365,0.75,0.5685,0.9895,-0.0483,-0.09,0.0,0.0536,12
m1_name_full_v1_unconstrained,qwen3.5:9b,duplicate_distant_name,88,88,1.0,1.0,0.745,1.3423,0.0,-0.0517,0.0533,1.0,12
m1_name_full_v1_unconstrained,gemma4:e2b,duplicate_distant_name,89,240,3.676480127913243e-17,0.37083333333333335,0.2909,0.4727,-0.2517,-0.2967,-0.205,0.0001,12
m1_name_full_v1_unconstrained,gemma4:12b,duplicate_distant_name,82,87,0.7584219886210962,0.9425287356321839,0.6979,1.273,-0.0083,-0.0567,0.045,0.7604,12
m1_name_full_v1_unconstrained,phi4:latest,duplicate_distant_name,60,104,0.000736247378403232,0.5769230769230769,0.4204,0.7917,-0.0733,-0.115,-0.0267,0.0028,12
m1_name_full_v1_unconstrained,gemma4:e4b,duplicate_distant_name,116,156,0.017881060730578945,0.7435897435897436,0.5851,0.945,-0.0667,-0.105,-0.0283,0.0001,12
