task,run,model,baseline_rule,items,model_only_correct,baseline_only_correct,p_value,odds_ratio,odds_ratio_low,odds_ratio_high,passes
control_test,m1c_name_full_v1,openbmb/minicpm5:q4_K_M,any_rule,180,60,61,1.0,0.9836065573770492,0.69,1.4021,False
natural_stratum_a,natural_name_v1,openbmb/minicpm5:q4_K_M,any_rule,113,8,59,1.0167485039666578e-10,0.13559322033898305,0.0658,0.2793,False
control_test,m1c_name_full_v1,qwen3.5:2b-q4_K_M,any_rule,180,86,88,0.9395993719521454,0.9772727272727273,0.7268,1.3141,False
natural_stratum_a,natural_name_v1,qwen3.5:2b-q4_K_M,any_rule,113,12,92,1.953190833147217e-16,0.13043478260869565,0.0721,0.236,False
control_test,m1c_name_full_v1,granite4.1:3b,any_rule,180,43,20,0.005152397042092064,2.15,1.2725,3.6325,False
natural_stratum_a,natural_name_v1,granite4.1:3b,any_rule,113,7,12,0.359283447265625,0.5833333333333334,0.2369,1.4367,False
control_test,m1c_name_full_v1,phi4-mini:latest,any_rule,180,44,24,0.02052693371370707,1.8333333333333333,1.1205,2.9997,False
natural_stratum_a,natural_name_v1,phi4-mini:latest,any_rule,113,10,19,0.13604594767093658,0.5263157894736842,0.2491,1.1122,False
control_test,m1c_name_full_v1,qwen3.5:4b,any_rule,180,77,39,0.0005340946135287203,1.9743589743589745,1.3463,2.8954,True
natural_stratum_a,natural_name_v1,qwen3.5:4b,any_rule,113,10,33,0.0006061066312668117,0.30303030303030304,0.1515,0.6063,False
control_test,m1c_name_full_v1,llama3.1:8b,any_rule,180,1,2,1.0,0.5,0.0655,3.8156,False
natural_stratum_a,natural_name_v1,llama3.1:8b,any_rule,113,9,0,0.00390625,,2.3429,,False
control_test,m1c_name_full_v1,granite4.1:8b,any_rule,180,79,42,0.0009830284971268928,1.880952380952381,1.2965,2.7289,True
natural_stratum_a,natural_name_v1,granite4.1:8b,any_rule,113,9,21,0.042773945257067694,0.42857142857142855,0.2,0.9185,False
control_test,m1c_name_full_v1,qwen3.5:9b,any_rule,180,63,8,1.0271364278048329e-11,7.875,3.8332,16.1784,True
natural_stratum_a,natural_name_v1,qwen3.5:9b,any_rule,113,10,14,0.5412561893463135,0.7142857142857143,0.3239,1.575,False
control_test,m1c_name_full_v1,gemma4:e2b,any_rule,180,81,65,0.21431491737771177,1.2461538461538462,0.9004,1.7246,False
natural_stratum_a,natural_name_v1,gemma4:e2b,any_rule,113,12,71,2.394644905698785e-11,0.16901408450704225,0.0925,0.3088,False
control_test,m1c_name_full_v1,gemma4:12b,any_rule,180,60,10,8.004823399455647e-10,6.0,3.1087,11.5803,True
natural_stratum_a,natural_name_v1,gemma4:12b,any_rule,113,8,8,1.0,1.0,0.3889,2.5715,False
control_test,m1c_name_full_v1,phi4:latest,any_rule,180,55,7,2.4300843108615577e-10,7.857142857142857,3.6469,16.928,True
natural_stratum_a,natural_name_v1,phi4:latest,any_rule,113,9,9,1.0,1.0,0.4091,2.4446,False
control_test,m1c_name_full_v1,gemma4:e4b,any_rule,180,84,45,0.0007558902724563365,1.8666666666666667,1.3022,2.6759,True
natural_stratum_a,natural_name_v1,gemma4:e4b,any_rule,113,13,39,0.0004095414537825804,0.3333333333333333,0.1797,0.6183,False
