run,model,model_only_correct,baseline_only_correct,p_value,odds_ratio,odds_ratio_low,odds_ratio_high,accuracy_difference,difference_low,difference_high,clustered_p_value,clusters
injected_detect_v1,openbmb/minicpm5:q4_K_M,112,647,2.806303461092103e-92,0.1731066460587326,0.1417,0.2115,-0.2972,-0.3204,-0.2724,0.0001,12
injected_detect_v1,qwen3.5:2b-q4_K_M,262,727,3.568802933984691e-51,0.3603851444291609,0.313,0.415,-0.2583,-0.2825,-0.233,0.0001,12
injected_detect_v1,granite4.1:3b,245,702,1.0263550109320378e-51,0.349002849002849,0.3018,0.4036,-0.2539,-0.2764,-0.2305,0.0001,12
injected_detect_v1,phi4-mini:latest,104,564,2.4415753455519024e-77,0.18439716312056736,0.1497,0.2272,-0.2556,-0.2682,-0.2413,0.0001,12
injected_detect_v1,qwen3.5:4b,242,548,4.137996616612139e-28,0.4416058394160584,0.3797,0.5137,-0.17,-0.1998,-0.1404,0.0001,12
injected_detect_v1,llama3.1:8b,75,614,4.015180135928186e-106,0.12214983713355049,0.0962,0.1552,-0.2994,-0.3117,-0.2854,0.0001,12
injected_detect_v1,granite4.1:8b,92,469,7.845214206490882e-62,0.19616204690831557,0.1569,0.2452,-0.2094,-0.2233,-0.1961,0.0001,12
injected_detect_v1,qwen3.5:9b,116,606,7.310464657387034e-81,0.19141914191419143,0.157,0.2334,-0.2722,-0.2919,-0.2503,0.0001,12
injected_detect_v1,gemma4:e2b,75,518,2.0850327338908355e-82,0.14478764478764478,0.1137,0.1843,-0.2461,-0.2597,-0.2317,0.0001,12
injected_detect_v1,gemma4:12b,212,517,2.8849567809044667e-30,0.41005802707930367,0.3495,0.4811,-0.1694,-0.1851,-0.1487,0.0001,12
injected_detect_v1,phi4:latest,111,473,3.8331404448181217e-54,0.2346723044397463,0.1909,0.2885,-0.2011,-0.221,-0.181,0.0001,12
injected_detect_v1,gemma4:e4b,113,415,1.5254073747097964e-41,0.27228915662650605,0.2212,0.3351,-0.1678,-0.1866,-0.1479,0.0001,12
injected_detect_v2,openbmb/minicpm5:q4_K_M,75,614,4.015180135928186e-106,0.12214983713355049,0.0962,0.1552,-0.2994,-0.3117,-0.2854,0.0001,12
injected_detect_v2,qwen3.5:2b-q4_K_M,291,800,2.045786753193442e-55,0.36375,0.3181,0.4159,-0.2828,-0.3028,-0.2612,0.0001,12
injected_detect_v2,granite4.1:3b,259,656,2.0342243658209984e-40,0.3948170731707317,0.342,0.4558,-0.2206,-0.2467,-0.1952,0.0001,12
injected_detect_v2,phi4-mini:latest,86,590,2.570839037370696e-93,0.14576271186440679,0.1163,0.1827,-0.28,-0.2938,-0.2655,0.0001,12
injected_detect_v2,qwen3.5:4b,163,464,2.1747761479172873e-34,0.35129310344827586,0.2939,0.4198,-0.1672,-0.1872,-0.1456,0.0001,12
injected_detect_v2,llama3.1:8b,75,614,4.015180135928186e-106,0.12214983713355049,0.0962,0.1552,-0.2994,-0.3117,-0.2854,0.0001,12
injected_detect_v2,granite4.1:8b,83,487,1.615555039772333e-70,0.1704312114989733,0.1351,0.215,-0.2244,-0.2395,-0.2087,0.0001,12
injected_detect_v2,qwen3.5:9b,89,564,2.407062403101033e-85,0.15780141843971632,0.1262,0.1972,-0.2639,-0.2826,-0.2422,0.0001,12
injected_detect_v2,gemma4:e2b,77,488,4.7971266744763616e-74,0.15778688524590165,0.1241,0.2005,-0.2283,-0.2425,-0.2116,0.0001,12
injected_detect_v2,gemma4:12b,205,511,5.100043649470803e-31,0.40117416829745595,0.3412,0.4717,-0.17,-0.1903,-0.1459,0.0001,12
injected_detect_v2,phi4:latest,94,489,2.418703117477895e-65,0.19222903885480572,0.1542,0.2396,-0.2194,-0.236,-0.2008,0.0001,12
injected_detect_v2,gemma4:e4b,119,396,8.865088999390256e-36,0.3005050505050505,0.2449,0.3687,-0.1539,-0.1758,-0.1289,0.0001,12
m1_name_full_v1,openbmb/minicpm5:q4_K_M,179,185,0.7933098045434506,0.9675675675675676,0.7881,1.1879,-0.01,-0.03,0.0117,0.3928,12
m1_name_full_v1,qwen3.5:2b-q4_K_M,284,288,0.9001924258067351,0.9861111111111112,0.8372,1.1615,-0.0067,-0.0217,0.01,0.4816,12
m1_name_full_v1,granite4.1:3b,149,56,6.17921602910867e-11,2.6607142857142856,1.9593,3.6133,0.155,0.1067,0.2,0.0001,12
m1_name_full_v1,phi4-mini:latest,166,88,1.1269961322318811e-06,1.8863636363636365,1.4578,2.4409,0.13,0.0933,0.1683,0.0001,12
m1_name_full_v1,qwen3.5:4b,263,134,9.136467815481901e-11,1.962686567164179,1.5947,2.4156,0.215,0.1867,0.2433,0.0001,12
m1_name_full_v1,llama3.1:8b,9,14,0.4048728942871094,0.6428571428571429,0.2846,1.4519,-0.0083,-0.02,0.0033,0.215,12
m1_name_full_v1,granite4.1:8b,244,104,4.2027772550909724e-14,2.3461538461538463,1.8659,2.95,0.2333,0.1983,0.27,0.0001,12
m1_name_full_v1,qwen3.5:9b,216,39,6.894264827633359e-31,5.538461538461538,3.9446,7.7764,0.295,0.2617,0.33,0.0001,12
m1_name_full_v1,gemma4:e2b,258,226,0.1587376792501827,1.1415929203539823,0.9551,1.3645,0.0533,0.0117,0.1017,0.0082,12
m1_name_full_v1,gemma4:12b,206,36,3.8959633400449865e-30,5.722222222222222,4.0234,8.1384,0.2833,0.2567,0.3117,0.0001,12
m1_name_full_v1,phi4:latest,189,40,2.37787290701502e-24,4.725,3.3648,6.635,0.2483,0.2267,0.27,0.0001,12
m1_name_full_v1,gemma4:e4b,273,137,1.7142703981793854e-11,1.9927007299270072,1.6236,2.4457,0.2267,0.19,0.2633,0.0001,12
m1_name_name_only_v1,openbmb/minicpm5:q4_K_M,10,14,0.5412561893463135,0.7142857142857143,0.3239,1.575,-0.0067,-0.0183,0.005,0.3722,12
m1_name_name_only_v1,qwen3.5:2b-q4_K_M,50,54,0.7687918101386724,0.9259259259259259,0.6317,1.3571,-0.0067,-0.0217,0.01,0.4776,12
m1_name_name_only_v1,granite4.1:3b,39,41,0.9110721212260928,0.9512195121951219,0.6157,1.4695,-0.0033,-0.0217,0.0167,0.7838,12
m1_name_name_only_v1,phi4-mini:latest,21,23,0.880395821280672,0.9130434782608695,0.5095,1.6361,-0.0033,-0.0233,0.015,0.825,12
m1_name_name_only_v1,qwen3.5:4b,83,82,1.0,1.0121951219512195,0.7469,1.3718,0.0017,-0.03,0.035,0.967,12
m1_name_name_only_v1,llama3.1:8b,9,14,0.4048728942871094,0.6428571428571429,0.2846,1.4519,-0.0083,-0.02,0.0033,0.215,12
m1_name_name_only_v1,granite4.1:8b,51,47,0.7620362195292442,1.0851063829787233,0.7319,1.6087,0.0067,-0.0217,0.0317,0.6452,12
m1_name_name_only_v1,qwen3.5:9b,16,21,0.5113757815852296,0.7619047619047619,0.402,1.4441,-0.0083,-0.0267,0.01,0.4288,12
m1_name_name_only_v1,gemma4:e2b,252,249,0.9288127991146299,1.0120481927710843,0.8496,1.2055,0.005,-0.0217,0.03,0.757,12
m1_name_name_only_v1,gemma4:12b,29,42,0.1539127693264563,0.6904761904761905,0.432,1.1035,-0.0217,-0.045,0.0033,0.0894,12
m1_name_name_only_v1,phi4:latest,11,18,0.26493089646101,0.6111111111111112,0.2935,1.2726,-0.0117,-0.0267,0.0033,0.165,12
m1_name_name_only_v1,gemma4:e4b,151,141,0.5984882037829311,1.070921985815603,0.8517,1.3466,0.0167,-0.0167,0.05,0.3502,12
m1_name_tags_only_v1,openbmb/minicpm5:q4_K_M,139,142,0.9050575376668525,0.9788732394366197,0.7752,1.2361,-0.005,-0.025,0.015,0.7036,12
m1_name_tags_only_v1,qwen3.5:2b-q4_K_M,171,162,0.6611628852826882,1.0555555555555556,0.8518,1.3081,0.015,-0.0133,0.0433,0.3216,12
m1_name_tags_only_v1,granite4.1:3b,237,246,0.7158894222848255,0.9634146341463414,0.8062,1.1513,-0.015,-0.0433,0.0117,0.3244,12
m1_name_tags_only_v1,phi4-mini:latest,178,192,0.49919650893921835,0.9270833333333334,0.7563,1.1364,-0.0233,-0.0633,0.0117,0.2334,12
m1_name_tags_only_v1,qwen3.5:4b,112,115,0.8944334241384705,0.9739130434782609,0.7513,1.2624,-0.005,-0.0433,0.0367,0.8482,12
m1_name_tags_only_v1,llama3.1:8b,9,14,0.4048728942871094,0.6428571428571429,0.2846,1.4519,-0.0083,-0.02,0.0033,0.215,12
m1_name_tags_only_v1,granite4.1:8b,200,203,0.9206566326134824,0.9852216748768473,0.8107,1.1973,-0.005,-0.0267,0.015,0.7092,12
m1_name_tags_only_v1,qwen3.5:9b,83,95,0.40973607358085473,0.8736842105263158,0.6515,1.1716,-0.02,-0.0417,0.0,0.0588,12
m1_name_tags_only_v1,gemma4:e2b,223,230,0.7780534007562181,0.9695652173913043,0.8067,1.1654,-0.0117,-0.03,0.0067,0.2308,12
m1_name_tags_only_v1,gemma4:12b,187,210,0.26950706139636615,0.8904761904761904,0.7314,1.0841,-0.0383,-0.0617,-0.0117,0.0074,12
m1_name_tags_only_v1,phi4:latest,209,216,0.7710587203320085,0.9675925925925926,0.8003,1.1699,-0.0117,-0.0267,0.0033,0.1564,12
m1_name_tags_only_v1,gemma4:e4b,266,266,1.0,1.0,0.8439,1.185,0.0,-0.0217,0.0233,1.0,12
m1_name_neither_v1,openbmb/minicpm5:q4_K_M,9,14,0.4048728942871094,0.6428571428571429,0.2846,1.4519,-0.0083,-0.02,0.0033,0.215,12
m1_name_neither_v1,qwen3.5:2b-q4_K_M,9,14,0.4048728942871094,0.6428571428571429,0.2846,1.4519,-0.0083,-0.02,0.0033,0.215,12
m1_name_neither_v1,granite4.1:3b,58,72,0.2541245543100989,0.8055555555555556,0.571,1.1364,-0.0233,-0.0533,0.0067,0.1344,12
m1_name_neither_v1,phi4-mini:latest,33,38,0.6353076420876663,0.868421052631579,0.547,1.3787,-0.0083,-0.02,0.0033,0.215,12
m1_name_neither_v1,qwen3.5:4b,9,14,0.4048728942871094,0.6428571428571429,0.2846,1.4519,-0.0083,-0.02,0.0033,0.215,12
m1_name_neither_v1,llama3.1:8b,9,14,0.4048728942871094,0.6428571428571429,0.2846,1.4519,-0.0083,-0.02,0.0033,0.215,12
m1_name_neither_v1,granite4.1:8b,154,157,0.9097297244049836,0.9808917197452229,0.7857,1.2245,-0.005,-0.035,0.025,0.81,12
m1_name_neither_v1,qwen3.5:9b,9,14,0.4048728942871094,0.6428571428571429,0.2846,1.4519,-0.0083,-0.02,0.0033,0.215,12
m1_name_neither_v1,gemma4:e2b,285,291,0.83499127622747,0.979381443298969,0.8319,1.153,-0.01,-0.0217,0.0033,0.1614,12
m1_name_neither_v1,gemma4:12b,9,14,0.4048728942871094,0.6428571428571429,0.2846,1.4519,-0.0083,-0.02,0.0033,0.215,12
m1_name_neither_v1,phi4:latest,9,14,0.4048728942871094,0.6428571428571429,0.2846,1.4519,-0.0083,-0.02,0.0033,0.215,12
m1_name_neither_v1,gemma4:e4b,283,286,0.9331898957576492,0.9895104895104895,0.8397,1.166,-0.005,-0.0233,0.0133,0.6486,12
m1_name_name_only_held_v1,openbmb/minicpm5:q4_K_M,12,15,0.7011080384254456,0.8,0.3809,1.68,-0.005,-0.0167,0.0067,0.513,12
m1_name_name_only_held_v1,qwen3.5:2b-q4_K_M,117,116,1.0,1.0086206896551724,0.7807,1.303,0.0017,-0.0317,0.0367,0.9688,12
m1_name_name_only_held_v1,granite4.1:3b,281,284,0.9329544410984235,0.9894366197183099,0.8392,1.1666,-0.005,-0.02,0.01,0.5948,12
m1_name_name_only_held_v1,phi4-mini:latest,256,252,0.8941285562777574,1.0158730158730158,0.8539,1.2086,0.0067,-0.0083,0.0217,0.45,12
m1_name_name_only_held_v1,qwen3.5:4b,63,60,0.8569843282497004,1.05,0.7386,1.4926,0.005,-0.0167,0.0283,0.7304,12
m1_name_name_only_held_v1,llama3.1:8b,9,14,0.4048728942871094,0.6428571428571429,0.2846,1.4519,-0.0083,-0.02,0.0033,0.215,12
m1_name_name_only_held_v1,granite4.1:8b,160,133,0.1286364781829435,1.2030075187969924,0.9563,1.5133,0.045,0.0167,0.075,0.0014,12
m1_name_name_only_held_v1,qwen3.5:9b,49,37,0.2353798622110552,1.3243243243243243,0.8669,2.023,0.02,-0.0033,0.0417,0.093,12
m1_name_name_only_held_v1,gemma4:e2b,286,291,0.8677644777022386,0.9828178694158075,0.835,1.1568,-0.0083,-0.02,0.0033,0.215,12
m1_name_name_only_held_v1,gemma4:12b,29,38,0.3284320626971897,0.7631578947368421,0.4728,1.2317,-0.015,-0.0317,0.0033,0.1244,12
m1_name_name_only_held_v1,phi4:latest,145,140,0.8127546875127157,1.0357142857142858,0.8215,1.3058,0.0083,-0.0283,0.0433,0.6602,12
m1_name_name_only_held_v1,gemma4:e4b,160,144,0.3896531061419354,1.1111111111111112,0.8875,1.391,0.0267,-0.0017,0.0533,0.0826,12
m1_name_tags_only_held_v1,openbmb/minicpm5:q4_K_M,143,143,1.0,1.0,0.7935,1.2602,0.0,-0.015,0.0167,1.0,12
m1_name_tags_only_held_v1,qwen3.5:2b-q4_K_M,189,183,0.7954936389348902,1.0327868852459017,0.8431,1.2651,0.01,-0.0117,0.035,0.4544,12
m1_name_tags_only_held_v1,granite4.1:3b,256,268,0.630887369514961,0.9552238805970149,0.805,1.1335,-0.02,-0.0417,0.0017,0.0922,12
m1_name_tags_only_held_v1,phi4-mini:latest,198,213,0.4898827444637377,0.9295774647887324,0.7663,1.1277,-0.025,-0.055,0.0033,0.0964,12
m1_name_tags_only_held_v1,qwen3.5:4b,144,142,0.9528613199332712,1.0140845070422535,0.8047,1.278,0.0033,-0.025,0.035,0.8922,12
m1_name_tags_only_held_v1,llama3.1:8b,9,14,0.4048728942871094,0.6428571428571429,0.2846,1.4519,-0.0083,-0.02,0.0033,0.215,12
m1_name_tags_only_held_v1,granite4.1:8b,249,249,1.0,1.0,0.8391,1.1918,0.0,-0.0167,0.0167,1.0,12
m1_name_tags_only_held_v1,qwen3.5:9b,105,119,0.38511100043645985,0.8823529411764706,0.6792,1.1463,-0.0233,-0.0467,0.0,0.062,12
m1_name_tags_only_held_v1,gemma4:e2b,243,254,0.6537916608946801,0.9566929133858267,0.8026,1.1404,-0.0183,-0.0367,0.0,0.0748,12
m1_name_tags_only_held_v1,gemma4:12b,95,107,0.4390331063623678,0.8878504672897196,0.6741,1.1694,-0.02,-0.0367,0.0,0.0552,12
m1_name_tags_only_held_v1,phi4:latest,243,252,0.7192058380367843,0.9642857142857143,0.8087,1.1498,-0.015,-0.035,0.005,0.1734,12
m1_name_tags_only_held_v1,gemma4:e4b,255,264,0.7255047483732906,0.9659090909090909,0.8134,1.1471,-0.015,-0.0283,-0.0017,0.0402,12
m1_name_full_v2,openbmb/minicpm5:q4_K_M,146,149,0.9073261085985455,0.9798657718120806,0.7803,1.2305,-0.005,-0.03,0.0183,0.7636,12
m1_name_full_v2,qwen3.5:2b-q4_K_M,286,291,0.8677644777022386,0.9828178694158075,0.835,1.1568,-0.0083,-0.02,0.0033,0.215,12
m1_name_full_v2,granite4.1:3b,116,35,2.444259100024143e-11,3.3142857142857145,2.2761,4.826,0.135,0.1033,0.1683,0.0001,12
m1_name_full_v2,phi4-mini:latest,246,182,0.002287168349499623,1.3516483516483517,1.1163,1.6367,0.1067,0.0633,0.1533,0.0001,12
m1_name_full_v2,qwen3.5:4b,247,146,3.954969926792456e-07,1.6917808219178083,1.3792,2.0751,0.1683,0.1333,0.2067,0.0001,12
m1_name_full_v2,llama3.1:8b,9,14,0.4048728942871094,0.6428571428571429,0.2846,1.4519,-0.0083,-0.02,0.0033,0.215,12
m1_name_full_v2,granite4.1:8b,194,27,2.3997134325473787e-32,7.185185185185185,4.8168,10.7182,0.2783,0.2433,0.3133,0.0001,12
m1_name_full_v2,qwen3.5:9b,166,27,1.3259642922070804e-25,6.148148148148148,4.1049,9.2084,0.2317,0.1883,0.2783,0.0001,12
m1_name_full_v2,gemma4:e2b,177,121,0.00140161453450309,1.462809917355372,1.1615,1.8423,0.0933,0.0533,0.13,0.0001,12
m1_name_full_v2,gemma4:12b,106,17,6.645909113631135e-17,6.235294117647059,3.7569,10.3486,0.1483,0.12,0.1783,0.0001,12
m1_name_full_v2,phi4:latest,85,13,3.9846743192350404e-14,6.538461538461538,3.6766,11.6279,0.12,0.0817,0.16,0.0001,12
m1_name_full_v2,gemma4:e4b,186,46,3.7767605941706634e-21,4.043478260869565,2.9322,5.576,0.2333,0.1933,0.2717,0.0001,12
m1_name_full_v1_unconstrained,openbmb/minicpm5:q4_K_M,157,151,0.7757741925968775,1.0397350993377483,0.832,1.2994,0.01,-0.0333,0.055,0.6894,12
m1_name_full_v1_unconstrained,qwen3.5:2b-q4_K_M,222,231,0.7070557804668209,0.961038961038961,0.7996,1.1551,-0.015,-0.0483,0.02,0.4226,12
m1_name_full_v1_unconstrained,granite4.1:3b,149,56,6.17921602910867e-11,2.6607142857142856,1.9593,3.6133,0.155,0.1067,0.2,0.0001,12
m1_name_full_v1_unconstrained,phi4-mini:latest,167,89,1.2445786701541249e-06,1.8764044943820224,1.4518,2.4251,0.13,0.0917,0.17,0.0001,12
m1_name_full_v1_unconstrained,qwen3.5:4b,225,124,7.072618678590915e-08,1.814516129032258,1.458,2.2583,0.1683,0.1283,0.2083,0.0001,12
m1_name_full_v1_unconstrained,llama3.1:8b,9,14,0.4048728942871094,0.6428571428571429,0.2846,1.4519,-0.0083,-0.02,0.0033,0.215,12
m1_name_full_v1_unconstrained,granite4.1:8b,225,81,7.793950023523335e-17,2.7777777777777777,2.1562,3.5785,0.24,0.2033,0.2783,0.0001,12
m1_name_full_v1_unconstrained,qwen3.5:9b,213,40,1.0670779760917308e-29,5.325,3.8048,7.4527,0.2883,0.2567,0.3233,0.0001,12
m1_name_full_v1_unconstrained,gemma4:e2b,206,184,0.2875981767162057,1.1195652173913044,0.918,1.3654,0.0367,0.0067,0.07,0.0164,12
m1_name_full_v1_unconstrained,gemma4:12b,205,37,2.183995888277852e-29,5.54054054054054,3.9109,7.8492,0.28,0.2517,0.31,0.0001,12
m1_name_full_v1_unconstrained,phi4:latest,147,18,2.3851293661281204e-26,8.166666666666666,5.0298,13.2598,0.215,0.18,0.2483,0.0001,12
m1_name_full_v1_unconstrained,gemma4:e4b,272,139,5.103851745477854e-11,1.9568345323741008,1.5957,2.3997,0.2217,0.185,0.26,0.0001,12
