run,model,answers,schema_rejected,rejected_rate,rejected_but_readable,j_strict,j_lenient,j_difference,j_constrained_twin
m1_name_full_v1_unconstrained,openbmb/minicpm5:q4_K_M,600,278,0.4633,1,0.0367,0.0367,0.0,-0.0033
m1_name_full_v1_unconstrained,qwen3.5:2b-q4_K_M,600,103,0.1717,103,-0.0133,0.02,0.0333,0.0033
m1_name_full_v1_unconstrained,granite4.1:3b,600,0,0.0,0,0.3267,0.3267,0.0,0.3267
m1_name_full_v1_unconstrained,phi4-mini:latest,600,3,0.005,0,0.2767,0.2767,0.0,0.2767
m1_name_full_v1_unconstrained,qwen3.5:4b,600,77,0.1283,76,0.3533,0.4533,0.1,0.4467
m1_name_full_v1_unconstrained,llama3.1:8b,600,600,1.0,0,0.0,0.0,0.0,0.0
m1_name_full_v1_unconstrained,granite4.1:8b,600,81,0.135,0,0.4967,0.4967,0.0,0.4833
m1_name_full_v1_unconstrained,qwen3.5:9b,600,0,0.0,0,0.5933,0.5933,0.0,0.6067
m1_name_full_v1_unconstrained,gemma4:e2b,600,135,0.225,0,0.09,0.09,0.0,0.1233
m1_name_full_v1_unconstrained,gemma4:12b,600,0,0.0,0,0.5767,0.5767,0.0,0.5833
m1_name_full_v1_unconstrained,phi4:latest,600,268,0.4467,0,0.4467,0.4467,0.0,0.5133
m1_name_full_v1_unconstrained,gemma4:e4b,600,0,0.0,0,0.46,0.46,0.0,0.47
natural_name_v1_unconstrained,openbmb/minicpm5:q4_K_M,250,125,0.5,1,-0.1247,-0.1298,-0.0051,-0.1927
natural_name_v1_unconstrained,qwen3.5:2b-q4_K_M,250,35,0.14,34,-0.0069,0.0131,0.02,0.0103
natural_name_v1_unconstrained,granite4.1:3b,250,0,0.0,0,-0.0019,-0.0019,0.0,-0.0019
natural_name_v1_unconstrained,phi4-mini:latest,250,1,0.004,0,0.0385,0.0385,0.0,0.0334
natural_name_v1_unconstrained,qwen3.5:4b,250,26,0.104,26,0.1378,0.176,0.0382,0.176
natural_name_v1_unconstrained,llama3.1:8b,250,250,1.0,0,0.0,0.0,0.0,0.0
natural_name_v1_unconstrained,granite4.1:8b,250,51,0.204,0,0.0656,0.0656,0.0,0.1229
natural_name_v1_unconstrained,qwen3.5:9b,250,0,0.0,0,-0.0057,-0.0057,0.0,-0.0057
natural_name_v1_unconstrained,gemma4:e2b,250,74,0.296,0,0.0258,0.0258,0.0,0.1721
natural_name_v1_unconstrained,gemma4:12b,250,1,0.004,0,-0.0387,-0.0387,0.0,-0.0387
natural_name_v1_unconstrained,phi4:latest,250,134,0.536,0,0.0866,0.0866,0.0,0.1183
natural_name_v1_unconstrained,gemma4:e4b,250,2,0.008,0,0.2127,0.2127,0.0,0.2025
