model,family,parameters_b,view_removed,j_full,j_reduced,j_drop,full_only_correct,reduced_only_correct,p_value,odds_ratio,odds_ratio_low,odds_ratio_high,moves_with_input
openbmb/minicpm5:q4_K_M,minicpm5,1.1,name_only,-0.0033,0.0033,-0.0067,192,194,0.9594150392163511,0.9896907216494846,0.8109,1.2078,False
openbmb/minicpm5:q4_K_M,minicpm5,1.1,tags_only,-0.0033,0.0067,-0.01,42,45,0.830373009685754,0.9333333333333333,0.6148,1.4169,False
openbmb/minicpm5:q4_K_M,minicpm5,1.1,neither,-0.0033,0.0,-0.0033,193,194,1.0,0.9948453608247423,0.8154,1.2138,False
qwen3.5:2b-q4_K_M,qwen35,2.3,name_only,0.0033,0.0033,-0.0,257,257,1.0,1.0,0.8414,1.1885,False
qwen3.5:2b-q4_K_M,qwen35,2.3,tags_only,0.0033,0.0467,-0.0433,120,133,0.4506540583676507,0.9022556390977443,0.7054,1.1541,False
qwen3.5:2b-q4_K_M,qwen35,2.3,neither,0.0033,0.0,0.0033,298,297,1.0,1.0033670033670035,0.8546,1.1781,False
granite4.1:3b,granite41,3.4,name_only,0.3267,0.01,0.3167,143,48,3.66943758682655e-12,2.9791666666666665,2.1514,4.1253,True
granite4.1:3b,granite41,3.4,tags_only,0.3267,-0.0133,0.34,206,104,7.13947277672888e-09,1.9807692307692308,1.5656,2.506,True
granite4.1:3b,granite41,3.4,neither,0.3267,-0.03,0.3567,169,62,1.2086556800847565e-12,2.725806451612903,2.0396,3.6428,True
phi4-mini:latest,phi4,3.8,name_only,0.2767,0.01,0.2667,165,85,4.7084497921049437e-07,1.9411764705882353,1.4953,2.5199,True
phi4-mini:latest,phi4,3.8,tags_only,0.2767,-0.03,0.3067,182,90,2.5533031521665306e-08,2.022222222222222,1.5719,2.6015,True
phi4-mini:latest,phi4,3.8,neither,0.2767,0.0,0.2767,180,97,6.957583111427506e-07,1.8556701030927836,1.4506,2.3738,True
qwen3.5:4b,qwen35,4.7,name_only,0.4467,0.02,0.4267,227,99,1.0316556085067262e-12,2.292929292929293,1.8118,2.9018,True
qwen3.5:4b,qwen35,4.7,tags_only,0.4467,0.0067,0.44,232,100,3.178289592757925e-13,2.32,1.8361,2.9314,True
qwen3.5:4b,qwen35,4.7,neither,0.4467,0.0,0.4467,272,138,3.427549697359443e-11,1.9710144927536233,1.6065,2.4182,True
llama3.1:8b,llama31,8.0,name_only,0.0,0.0,0.0,0,0,1.0,,,,False
llama3.1:8b,llama31,8.0,tags_only,0.0,0.0,0.0,0,0,1.0,,,,False
llama3.1:8b,llama31,8.0,neither,0.0,0.0,0.0,0,0,1.0,,,,False
granite4.1:8b,granite41,8.8,name_only,0.4833,0.03,0.4533,215,79,1.0481044454102615e-15,2.721518987341772,2.1044,3.5196,True
granite4.1:8b,granite41,8.8,tags_only,0.4833,0.0067,0.4767,172,29,6.269514409998342e-26,5.931034482758621,4.0118,8.7683,True
granite4.1:8b,granite41,8.8,neither,0.4833,0.0067,0.4767,204,61,3.425889636253616e-19,3.3442622950819674,2.5148,4.4473,True
qwen3.5:9b,qwen35,9.7,name_only,0.6067,0.0,0.6067,220,38,2.4798487880600895e-32,5.7894736842105265,4.1099,8.1554,True
qwen3.5:9b,qwen35,9.7,tags_only,0.6067,-0.0233,0.63,234,45,5.617100924810296e-32,5.2,3.7847,7.1446,True
qwen3.5:9b,qwen35,9.7,neither,0.6067,0.0,0.6067,222,40,9.408698424187161e-32,5.55,3.9698,7.7593,True
gemma4:e2b,gemma4,5.1,name_only,0.1233,0.0267,0.0967,84,55,0.017236382867129276,1.5272727272727273,1.0889,2.1422,False
gemma4:e2b,gemma4,5.1,tags_only,0.1233,-0.0067,0.13,53,14,1.7728678775519788e-06,3.7857142857142856,2.118,6.7666,True
gemma4:e2b,gemma4,5.1,neither,0.1233,-0.0033,0.1267,71,33,0.000247115841064573,2.1515151515151514,1.4278,3.2421,True
gemma4:12b,gemma4,11.9,name_only,0.5833,-0.0267,0.61,207,24,1.6313423096319762e-37,8.625,5.6696,13.121,True
gemma4:12b,gemma4,11.9,tags_only,0.5833,-0.06,0.6433,256,63,9.626398192678745e-29,4.063492063492063,3.0872,5.3485,True
gemma4:12b,gemma4,11.9,neither,0.5833,0.0,0.5833,209,34,6.534096786652105e-32,6.147058823529412,4.2866,8.8151,True
phi4:latest,phi4,14.7,name_only,0.5133,-0.0067,0.52,188,32,4.593817631095467e-28,5.875,4.0473,8.528,True
phi4:latest,phi4,14.7,tags_only,0.5133,-0.0067,0.52,231,75,1.214666508292264e-19,3.08,2.3754,3.9935,True
phi4:latest,phi4,14.7,neither,0.5133,0.0,0.5133,190,36,1.80315567856954e-26,5.277777777777778,3.7028,7.5226,True
gemma4:e4b,gemma4,8.0,name_only,0.47,0.05,0.42,184,58,1.8586989893082323e-16,3.1724137931034484,2.3641,4.257,True
gemma4:e4b,gemma4,8.0,tags_only,0.47,0.0167,0.4533,154,18,4.074445781426416e-28,8.555555555555555,5.2756,13.8748,True
gemma4:e4b,gemma4,8.0,neither,0.47,0.0067,0.4633,158,19,1.8404446754230994e-28,8.31578947368421,5.1894,13.3256,True
