model,parameters_b,items_whole,youdens_j_whole,balanced_accuracy_whole,items_matched,youdens_j_matched,balanced_accuracy_matched,youdens_j_change
openbmb/minicpm5:q4_K_M,1.1,600,-0.0033,0.4983,308,-0.0325,0.4838,-0.0291
qwen3.5:2b-q4_K_M,2.3,600,0.0033,0.5017,308,0.0065,0.5032,0.0032
granite4.1:3b,3.4,600,0.3267,0.6633,308,0.3117,0.6558,-0.015
phi4-mini:latest,3.8,600,0.2767,0.6383,308,0.2403,0.6201,-0.0364
qwen3.5:4b,4.7,600,0.4467,0.7233,308,0.3312,0.6656,-0.1155
llama3.1:8b,8.0,600,0.0,0.5,308,0.0,0.5,0.0
granite4.1:8b,8.8,600,0.4833,0.7417,308,0.4156,0.7078,-0.0677
qwen3.5:9b,9.7,600,0.6067,0.8033,308,0.5584,0.7792,-0.0482
gemma4:e2b,5.1,600,0.1233,0.5617,308,0.1234,0.5617,0.0
gemma4:12b,11.9,600,0.5833,0.7917,308,0.5065,0.7532,-0.0768
phi4:latest,14.7,600,0.5133,0.7567,308,0.4481,0.724,-0.0653
gemma4:e4b,8.0,600,0.47,0.735,308,0.3571,0.6786,-0.1129
