run,first,second,first_only_correct,second_only_correct,p_value,odds_ratio,odds_ratio_low,odds_ratio_high,separates
m1_name_full_v1,gemma4:12b,gemma4:e2b,216,78,3.7966060241248212e-16,2.769230769230769,2.1391,3.585,True
m1_name_full_v1,gemma4:12b,gemma4:e4b,111,77,0.01586796215648769,1.4415584415584415,1.079,1.9259,False
m1_name_full_v1,gemma4:12b,granite4.1:3b,123,46,2.687937404218366e-09,2.6739130434782608,1.9087,3.746,True
m1_name_full_v1,gemma4:12b,granite4.1:8b,93,63,0.01994574873683435,1.4761904761904763,1.0736,2.0298,False
m1_name_full_v1,gemma4:12b,llama3.1:8b,209,34,6.534096786652105e-32,6.147058823529412,4.2866,8.8151,True
m1_name_full_v1,gemma4:12b,openbmb/minicpm5:q4_K_M,252,76,3.516330058880174e-23,3.3157894736842106,2.5674,4.2823,True
m1_name_full_v1,gemma4:12b,phi4-mini:latest,137,45,5.3083049160730906e-12,3.0444444444444443,2.1774,4.2567,True
m1_name_full_v1,gemma4:12b,phi4:latest,69,48,0.06399591064679504,1.4375,0.9966,2.0735,False
m1_name_full_v1,gemma4:12b,qwen3.5:2b-q4_K_M,265,91,7.635757629476694e-21,2.912087912087912,2.2963,3.693,True
m1_name_full_v1,gemma4:12b,qwen3.5:4b,114,73,0.0033343818618073195,1.5616438356164384,1.1653,2.0928,False
m1_name_full_v1,gemma4:12b,qwen3.5:9b,49,56,0.5583942911655912,0.875,0.5977,1.2809,False
m1_name_full_v1,gemma4:e2b,gemma4:e4b,22,126,6.485282938356565e-19,0.1746031746031746,0.1114,0.2736,True
m1_name_full_v1,gemma4:e2b,granite4.1:3b,124,185,0.0006188401340450467,0.6702702702702703,0.5342,0.8411,True
m1_name_full_v1,gemma4:e2b,granite4.1:8b,41,149,1.3268681860238055e-15,0.2751677852348993,0.1951,0.3881,True
m1_name_full_v1,gemma4:e2b,llama3.1:8b,267,230,0.10625522428072778,1.1608695652173913,0.9734,1.3844,False
m1_name_full_v1,gemma4:e2b,openbmb/minicpm5:q4_K_M,176,138,0.036626746345404436,1.2753623188405796,1.0211,1.593,False
m1_name_full_v1,gemma4:e2b,phi4-mini:latest,121,167,0.007899921034664551,0.7245508982035929,0.5737,0.9151,False
m1_name_full_v1,gemma4:e2b,phi4:latest,89,206,7.698100092084386e-12,0.4320388349514563,0.3372,0.5536,True
m1_name_full_v1,gemma4:e2b,qwen3.5:2b-q4_K_M,70,34,0.0005342841899801615,2.0588235294117645,1.3706,3.0927,True
m1_name_full_v1,gemma4:e2b,qwen3.5:4b,40,137,1.252700324341673e-13,0.291970802919708,0.2057,0.4145,True
m1_name_full_v1,gemma4:e2b,qwen3.5:9b,69,214,1.9225099753475402e-18,0.32242990654205606,0.246,0.4226,True
m1_name_full_v1,gemma4:e4b,granite4.1:3b,147,104,0.007898597468932836,1.4134615384615385,1.1003,1.8158,False
m1_name_full_v1,gemma4:e4b,granite4.1:8b,68,72,0.7999564140878658,0.9444444444444444,0.679,1.3136,False
m1_name_full_v1,gemma4:e4b,llama3.1:8b,281,140,5.685661844679659e-12,2.007142857142857,1.6394,2.4574,True
m1_name_full_v1,gemma4:e4b,openbmb/minicpm5:q4_K_M,227,85,4.389776041990085e-16,2.6705882352941175,2.0828,3.4243,True
m1_name_full_v1,gemma4:e4b,phi4-mini:latest,151,93,0.0002476195682257972,1.6236559139784945,1.2549,2.1008,True
m1_name_full_v1,gemma4:e4b,phi4:latest,98,111,0.40656582085208287,0.8828828828828829,0.6734,1.1575,False
m1_name_full_v1,gemma4:e4b,qwen3.5:2b-q4_K_M,159,19,1.0293288050049546e-28,8.368421052631579,5.2231,13.4079,True
m1_name_full_v1,gemma4:e4b,qwen3.5:4b,65,58,0.5886880630911525,1.1206896551724137,0.788,1.5938,False
m1_name_full_v1,gemma4:e4b,qwen3.5:9b,77,118,0.004060633132423738,0.652542372881356,0.4902,0.8687,False
m1_name_full_v1,granite4.1:3b,granite4.1:8b,70,117,0.0007257496113600019,0.5982905982905983,0.4454,0.8037,True
m1_name_full_v1,granite4.1:3b,llama3.1:8b,148,50,1.8973754848278907e-12,2.96,2.151,4.0732,True
m1_name_full_v1,granite4.1:3b,openbmb/minicpm5:q4_K_M,239,140,4.1589083872421404e-07,1.707142857142857,1.3862,2.1023,True
m1_name_full_v1,granite4.1:3b,phi4-mini:latest,121,106,0.35280409874537205,1.1415094339622642,0.8802,1.4805,False
m1_name_full_v1,granite4.1:3b,phi4:latest,56,112,1.8638787920587e-05,0.5,0.3633,0.6882,True
m1_name_full_v1,granite4.1:3b,qwen3.5:2b-q4_K_M,248,151,1.3744784934051868e-06,1.6423841059602649,1.342,2.01,True
m1_name_full_v1,granite4.1:3b,qwen3.5:4b,117,153,0.03297648546813219,0.7647058823529411,0.6015,0.9723,False
m1_name_full_v1,granite4.1:3b,qwen3.5:9b,59,143,3.1240759594251533e-09,0.4125874125874126,0.305,0.5581,True
m1_name_full_v1,granite4.1:8b,llama3.1:8b,248,103,6.231323413659296e-15,2.407766990291262,1.9145,3.0281,True
m1_name_full_v1,granite4.1:8b,openbmb/minicpm5:q4_K_M,248,102,3.6328519605863835e-15,2.4313725490196076,1.9317,3.0602,True
m1_name_full_v1,granite4.1:8b,phi4-mini:latest,151,89,7.563032299772964e-05,1.696629213483146,1.3066,2.203,True
m1_name_full_v1,granite4.1:8b,phi4:latest,83,92,0.5454726578478973,0.9021739130434783,0.6713,1.2125,False
m1_name_full_v1,granite4.1:8b,qwen3.5:2b-q4_K_M,196,52,7.59101532405213e-21,3.769230769230769,2.7796,5.1112,True
m1_name_full_v1,granite4.1:8b,qwen3.5:4b,76,65,0.3997867201732223,1.1692307692307693,0.8409,1.6258,False
m1_name_full_v1,granite4.1:8b,qwen3.5:9b,61,98,0.0041584730647820384,0.6224489795918368,0.4528,0.8557,False
m1_name_full_v1,llama3.1:8b,openbmb/minicpm5:q4_K_M,194,193,1.0,1.005181347150259,0.8239,1.2264,False
m1_name_full_v1,llama3.1:8b,phi4-mini:latest,89,172,3.0992442717507083e-07,0.5174418604651163,0.4009,0.6679,True
m1_name_full_v1,llama3.1:8b,phi4:latest,36,190,1.80315567856954e-26,0.18947368421052632,0.1329,0.2701,True
m1_name_full_v1,llama3.1:8b,qwen3.5:2b-q4_K_M,297,298,1.0,0.9966442953020134,0.8488,1.1702,False
m1_name_full_v1,llama3.1:8b,qwen3.5:4b,138,272,3.427549697359443e-11,0.5073529411764706,0.4135,0.6225,True
m1_name_full_v1,llama3.1:8b,qwen3.5:9b,40,222,9.408698424187161e-32,0.18018018018018017,0.1289,0.2519,True
m1_name_full_v1,openbmb/minicpm5:q4_K_M,phi4-mini:latest,77,161,5.4734587169104964e-08,0.4782608695652174,0.3648,0.627,True
m1_name_full_v1,openbmb/minicpm5:q4_K_M,phi4:latest,87,242,4.852354799468576e-18,0.359504132231405,0.2816,0.459,True
m1_name_full_v1,openbmb/minicpm5:q4_K_M,qwen3.5:2b-q4_K_M,108,110,0.9460223749390716,0.9818181818181818,0.7535,1.2794,False
m1_name_full_v1,openbmb/minicpm5:q4_K_M,qwen3.5:4b,89,224,1.4028742018108405e-14,0.39732142857142855,0.311,0.5076,True
m1_name_full_v1,openbmb/minicpm5:q4_K_M,qwen3.5:9b,66,249,3.7545944742241324e-26,0.26506024096385544,0.2022,0.3474,True
m1_name_full_v1,phi4-mini:latest,phi4:latest,67,138,7.950913523173681e-07,0.4855072463768116,0.363,0.6494,True
m1_name_full_v1,phi4-mini:latest,qwen3.5:2b-q4_K_M,209,127,9.010272317434195e-06,1.6456692913385826,1.3206,2.0508,True
m1_name_full_v1,phi4-mini:latest,qwen3.5:4b,103,154,0.0017608289799465116,0.6688311688311688,0.5215,0.8578,False
m1_name_full_v1,phi4-mini:latest,qwen3.5:9b,54,153,3.721981194263051e-12,0.35294117647058826,0.2591,0.4807,True
m1_name_full_v1,phi4:latest,qwen3.5:2b-q4_K_M,263,110,1.4117111767621423e-15,2.390909090909091,1.9147,2.9855,True
m1_name_full_v1,phi4:latest,qwen3.5:4b,117,97,0.19388944511670822,1.2061855670103092,0.9223,1.5774,False
m1_name_full_v1,phi4:latest,qwen3.5:9b,55,83,0.021199549692339205,0.6626506024096386,0.4721,0.9302,False
m1_name_full_v1,qwen3.5:2b-q4_K_M,qwen3.5:4b,30,163,2.5077497013114968e-23,0.18404907975460122,0.125,0.271,True
m1_name_full_v1,qwen3.5:2b-q4_K_M,qwen3.5:9b,78,259,7.985848003812995e-24,0.30115830115830117,0.234,0.3877,True
m1_name_full_v1,qwen3.5:4b,qwen3.5:9b,66,114,0.0004284359145340105,0.5789473684210527,0.428,0.7831,True
natural_name_v1,gemma4:12b,gemma4:e2b,129,27,3.8003653796808753e-17,4.777777777777778,3.1648,7.2128,True
natural_name_v1,gemma4:12b,gemma4:e4b,75,19,4.8181440754468005e-09,3.9473684210526314,2.3985,6.4965,True
natural_name_v1,gemma4:12b,granite4.1:3b,28,18,0.18392482137699062,1.5555555555555556,0.8677,2.7889,False
natural_name_v1,gemma4:12b,granite4.1:8b,36,16,0.0077874363057435225,2.25,1.2589,4.0214,False
natural_name_v1,gemma4:12b,llama3.1:8b,2,21,6.604194641113281e-05,0.09523809523809523,0.0248,0.366,True
natural_name_v1,gemma4:12b,openbmb/minicpm5:q4_K_M,114,21,1.1599085487375384e-16,5.428571428571429,3.4224,8.6107,True
natural_name_v1,gemma4:12b,phi4-mini:latest,41,15,0.0006855641563783821,2.7333333333333334,1.5256,4.8972,True
natural_name_v1,gemma4:12b,phi4:latest,13,15,0.8505540192127228,0.8666666666666667,0.4191,1.7923,False
natural_name_v1,gemma4:12b,qwen3.5:2b-q4_K_M,172,27,4.9969404659019415e-27,6.37037037037037,4.2574,9.5319,True
natural_name_v1,gemma4:12b,qwen3.5:4b,62,18,8.142666624995287e-07,3.4444444444444446,2.05,5.7874,True
natural_name_v1,gemma4:12b,qwen3.5:9b,15,10,0.42435622215270996,1.5,0.6875,3.2729,False
natural_name_v1,gemma4:e2b,gemma4:e4b,12,58,2.2489162308892232e-08,0.20689655172413793,0.1122,0.3815,True
natural_name_v1,gemma4:e2b,granite4.1:3b,22,114,3.622971399178644e-16,0.19298245614035087,0.1227,0.3034,True
natural_name_v1,gemma4:e2b,granite4.1:8b,16,98,1.477416366478583e-15,0.16326530612244897,0.0968,0.2753,True
natural_name_v1,gemma4:e2b,llama3.1:8b,27,148,2.0561191008256304e-21,0.18243243243243243,0.1214,0.2742,True
natural_name_v1,gemma4:e2b,openbmb/minicpm5:q4_K_M,63,72,0.4912624577829232,0.875,0.625,1.2251,False
natural_name_v1,gemma4:e2b,phi4-mini:latest,27,103,1.1837867653112194e-11,0.2621359223300971,0.1721,0.3992,True
natural_name_v1,gemma4:e2b,phi4:latest,22,126,6.485282938356565e-19,0.1746031746031746,0.1114,0.2736,True
natural_name_v1,gemma4:e2b,qwen3.5:2b-q4_K_M,45,2,1.6044054973463062e-11,22.5,6.0183,84.1189,True
natural_name_v1,gemma4:e2b,qwen3.5:4b,20,78,2.8720914669754686e-09,0.2564102564102564,0.1576,0.4171,True
natural_name_v1,gemma4:e2b,qwen3.5:9b,26,123,2.7487358754955478e-16,0.21138211382113822,0.1389,0.3217,True
natural_name_v1,gemma4:e4b,granite4.1:3b,23,69,1.670436795024911e-06,0.3333333333333333,0.2088,0.5321,True
natural_name_v1,gemma4:e4b,granite4.1:8b,16,52,1.4074155775977473e-05,0.3076923076923077,0.1769,0.535,True
natural_name_v1,gemma4:e4b,llama3.1:8b,20,95,7.050723457788823e-13,0.21052631578947367,0.1306,0.3394,True
natural_name_v1,gemma4:e4b,openbmb/minicpm5:q4_K_M,93,56,0.0030544734849479675,1.6607142857142858,1.1939,2.31,False
natural_name_v1,gemma4:e4b,phi4-mini:latest,33,63,0.002878610081200932,0.5238095238095238,0.3448,0.7957,False
natural_name_v1,gemma4:e4b,phi4:latest,18,76,1.180000200429073e-09,0.23684210526315788,0.1425,0.3937,True
natural_name_v1,gemma4:e4b,qwen3.5:2b-q4_K_M,98,9,4.8556740181387856e-20,10.88888888888889,5.5716,21.2807,True
natural_name_v1,gemma4:e4b,qwen3.5:4b,28,40,0.1818100545355934,0.7,0.4339,1.1294,False
natural_name_v1,gemma4:e4b,qwen3.5:9b,19,70,4.957489567762136e-08,0.2714285714285714,0.1643,0.4483,True
natural_name_v1,granite4.1:3b,granite4.1:8b,31,21,0.21160856876151612,1.4761904761904763,0.8542,2.5512,False
natural_name_v1,granite4.1:3b,llama3.1:8b,5,34,2.4299079086631536e-06,0.14705882352941177,0.0594,0.3644,True
natural_name_v1,granite4.1:3b,openbmb/minicpm5:q4_K_M,112,29,1.044256296155224e-12,3.8620689655172415,2.5744,5.7938,True
natural_name_v1,granite4.1:3b,phi4-mini:latest,46,30,0.08464609267083598,1.5333333333333334,0.9719,2.4192,False
natural_name_v1,granite4.1:3b,phi4:latest,16,28,0.09614175442061423,0.5714285714285714,0.3121,1.0464,False
natural_name_v1,granite4.1:3b,qwen3.5:2b-q4_K_M,159,24,1.2694698671261396e-25,6.625,4.327,10.1435,True
natural_name_v1,granite4.1:3b,qwen3.5:4b,59,25,0.00026645108697203506,2.36,1.4845,3.7518,True
natural_name_v1,granite4.1:3b,qwen3.5:9b,23,28,0.5758493477318467,0.8214285714285714,0.4764,1.4164,False
natural_name_v1,granite4.1:8b,llama3.1:8b,11,50,4.588831219506234e-07,0.22,0.1158,0.4179,True
natural_name_v1,granite4.1:8b,openbmb/minicpm5:q4_K_M,113,40,2.9468172261578935e-09,2.825,1.9736,4.0438,True
natural_name_v1,granite4.1:8b,phi4-mini:latest,42,36,0.5715867180030723,1.1666666666666667,0.7502,1.8143,False
natural_name_v1,granite4.1:8b,phi4:latest,14,36,0.0026021714567221466,0.3888888888888889,0.2117,0.7142,False
natural_name_v1,granite4.1:8b,qwen3.5:2b-q4_K_M,143,18,2.402382652813441e-25,7.944444444444445,4.8894,12.9084,True
natural_name_v1,granite4.1:8b,qwen3.5:4b,45,21,0.004272405031651674,2.142857142857143,1.2838,3.5769,False
natural_name_v1,granite4.1:8b,qwen3.5:9b,18,33,0.04887389231827033,0.5454545454545454,0.3095,0.9613,False
natural_name_v1,llama3.1:8b,openbmb/minicpm5:q4_K_M,125,13,3.772426917098371e-24,9.615384615384615,5.4723,16.8953,True
natural_name_v1,llama3.1:8b,phi4-mini:latest,54,9,6.108279451688681e-09,6.0,3.0041,11.9837,True
natural_name_v1,llama3.1:8b,phi4:latest,24,7,0.003326892852783203,3.4285714285714284,1.5118,7.7757,False
natural_name_v1,llama3.1:8b,qwen3.5:2b-q4_K_M,193,29,6.445602179143823e-31,6.655172413793103,4.5154,9.809,True
natural_name_v1,llama3.1:8b,qwen3.5:4b,80,17,6.007962189879819e-11,4.705882352941177,2.8044,7.8968,True
natural_name_v1,llama3.1:8b,qwen3.5:9b,28,4,1.9301194697618484e-05,7.0,2.5627,19.1202,True
natural_name_v1,openbmb/minicpm5:q4_K_M,phi4-mini:latest,14,81,1.2402507363468661e-12,0.1728395061728395,0.0987,0.3026,True
natural_name_v1,openbmb/minicpm5:q4_K_M,phi4:latest,20,115,2.092527117251818e-17,0.17391304347826086,0.1086,0.2784,True
natural_name_v1,openbmb/minicpm5:q4_K_M,qwen3.5:2b-q4_K_M,70,18,2.0783545041774735e-08,3.888888888888889,2.3298,6.4914,True
natural_name_v1,openbmb/minicpm5:q4_K_M,qwen3.5:4b,54,103,0.0001135695837447167,0.5242718446601942,0.3777,0.7277,True
natural_name_v1,openbmb/minicpm5:q4_K_M,qwen3.5:9b,20,108,8.588622955874905e-16,0.18518518518518517,0.1154,0.2971,True
natural_name_v1,phi4-mini:latest,phi4:latest,21,49,0.001093244972968613,0.42857142857142855,0.2584,0.7107,False
natural_name_v1,phi4-mini:latest,qwen3.5:2b-q4_K_M,139,20,4.0157731101098577e-23,6.95,4.3675,11.0594,True
natural_name_v1,phi4-mini:latest,qwen3.5:4b,56,38,0.07897554800108206,1.4736842105263157,0.9789,2.2185,False
natural_name_v1,phi4-mini:latest,qwen3.5:9b,18,39,0.0075081755341502,0.46153846153846156,0.2659,0.8011,False
natural_name_v1,phi4:latest,qwen3.5:2b-q4_K_M,169,22,2.817287131860409e-29,7.681818181818182,4.9441,11.9355,True
natural_name_v1,phi4:latest,qwen3.5:4b,63,17,2.2661405044675463e-07,3.7058823529411766,2.1825,6.2927,True
natural_name_v1,phi4:latest,qwen3.5:9b,20,13,0.296206368599087,1.5384615384615385,0.7757,3.0514,False
natural_name_v1,qwen3.5:2b-q4_K_M,qwen3.5:4b,12,113,9.245962500366385e-22,0.10619469026548672,0.0591,0.1909,True
natural_name_v1,qwen3.5:2b-q4_K_M,qwen3.5:9b,25,165,1.724010780677072e-26,0.15151515151515152,0.0998,0.23,True
natural_name_v1,qwen3.5:4b,qwen3.5:9b,19,58,9.77507078797376e-06,0.3275862068965517,0.1962,0.5469,True
