run,model,family,parameters_b,task,item_set,view,prompt_version,constrained,scored_set,answers,invalid,field_hits,field_attempts,items,positives,true_positive,false_positive,recall,recall_low,recall_high,specificity,specificity_low,specificity_high,flag_rate,flag_rate_low,flag_rate_high,balanced_accuracy,balanced_accuracy_low,balanced_accuracy_high,youdens_j,youdens_j_low,youdens_j_high,weighted_prevalence,weighted_recall,weighted_flag_rate
injected_detect_v1,openbmb/minicpm5:q4_K_M,minicpm5,1.1,detect,injected,full,1,True,all,1800,0,25,180,1800,900,180,176,0.2,0.1752,0.2274,0.8044,0.7773,0.829,0.1978,0.18,0.2168,0.5022,0.4838,0.5206,0.0044,-0.0324,0.0413,,,
injected_detect_v1,qwen3.5:2b-q4_K_M,qwen35,2.3,detect,injected,full,1,True,all,1800,0,125,662,1800,900,662,588,0.7356,0.7058,0.7633,0.3467,0.3163,0.3784,0.6944,0.6728,0.7153,0.5411,0.5198,0.5622,0.0822,0.0397,0.1244,,,
injected_detect_v1,granite4.1:3b,granite41,3.4,detect,injected,full,1,True,all,1800,0,35,311,1800,900,311,229,0.3456,0.3152,0.3772,0.7456,0.7161,0.7729,0.3,0.2793,0.3216,0.5456,0.5244,0.5665,0.0911,0.0488,0.133,,,
injected_detect_v1,phi4-mini:latest,phi4,3.8,detect,injected,full,1,True,all,1800,0,15,199,1800,900,199,120,0.2211,0.1952,0.2494,0.8667,0.8429,0.8873,0.1772,0.1603,0.1955,0.5439,0.5263,0.5614,0.0878,0.0526,0.1228,,,
injected_detect_v1,qwen3.5:4b,qwen35,4.7,detect,injected,full,1,True,all,1800,0,118,604,1800,900,604,371,0.6711,0.6397,0.701,0.5878,0.5553,0.6195,0.5417,0.5186,0.5646,0.6294,0.6069,0.6512,0.2589,0.2137,0.3025,,,
injected_detect_v1,llama3.1:8b,llama31,8.0,detect,injected,full,1,True,all,1800,0,0,0,1800,900,0,0,0.0,0.0,0.0043,1.0,0.9957,1.0,0.0,0.0,0.0021,0.5,0.4979,0.5021,0.0,-0.0043,0.0043,,,
injected_detect_v1,granite4.1:8b,granite41,8.8,detect,injected,full,1,True,all,1800,0,154,180,1800,900,180,18,0.2,0.1752,0.2274,0.98,0.9686,0.9873,0.11,0.0964,0.1253,0.59,0.5763,0.6042,0.18,0.1527,0.2083,,,
injected_detect_v1,qwen3.5:9b,qwen35,9.7,detect,injected,full,1,True,all,1800,0,12,69,1800,900,69,20,0.0767,0.061,0.0959,0.9778,0.9659,0.9856,0.0494,0.0404,0.0605,0.5272,0.5174,0.5376,0.0544,0.0348,0.0752,,,
injected_detect_v1,gemma4:e2b,gemma4,5.1,detect,injected,full,1,True,all,1800,0,89,110,1800,900,110,14,0.1222,0.1024,0.1452,0.9844,0.9741,0.9907,0.0689,0.0581,0.0815,0.5533,0.5422,0.5653,0.1067,0.0843,0.1305,,,
injected_detect_v1,gemma4:12b,gemma4,11.9,detect,injected,full,1,True,all,1800,0,238,265,1800,900,265,31,0.2944,0.2656,0.325,0.9656,0.9515,0.9756,0.1644,0.148,0.1823,0.63,0.614,0.6461,0.26,0.2279,0.2922,,,
injected_detect_v1,phi4:latest,phi4,14.7,detect,injected,full,1,True,all,1800,0,132,193,1800,900,193,16,0.2144,0.1889,0.2424,0.9822,0.9713,0.989,0.1161,0.1021,0.1317,0.5983,0.5844,0.6127,0.1967,0.1689,0.2255,,,
injected_detect_v1,gemma4:e4b,gemma4,8.0,detect,injected,full,1,True,all,1800,0,223,279,1800,900,279,42,0.31,0.2806,0.341,0.9533,0.9375,0.9653,0.1783,0.1613,0.1967,0.6317,0.615,0.6483,0.2633,0.23,0.2965,,,
injected_detect_v2,openbmb/minicpm5:q4_K_M,minicpm5,1.1,detect,injected,full,2,True,all,1800,0,0,0,1800,900,0,0,0.0,0.0,0.0043,1.0,0.9957,1.0,0.0,0.0,0.0021,0.5,0.4979,0.5021,0.0,-0.0043,0.0043,,,
injected_detect_v2,qwen3.5:2b-q4_K_M,qwen35,2.3,detect,injected,full,2,True,all,1800,0,160,836,1800,900,836,806,0.9289,0.9102,0.9439,0.1044,0.0861,0.1261,0.9122,0.8983,0.9244,0.5167,0.5036,0.5299,0.0333,0.0072,0.0597,,,
injected_detect_v2,granite4.1:3b,granite41,3.4,detect,injected,full,2,True,all,1800,0,62,394,1800,900,394,252,0.4378,0.4057,0.4704,0.72,0.6898,0.7484,0.3589,0.3371,0.3813,0.5789,0.5569,0.6005,0.1578,0.1137,0.201,,,
injected_detect_v2,phi4-mini:latest,phi4,3.8,detect,injected,full,2,True,all,1800,0,8,59,1800,900,59,24,0.0656,0.0512,0.0836,0.9733,0.9606,0.982,0.0461,0.0374,0.0568,0.5194,0.5098,0.5295,0.0389,0.0197,0.059,,,
injected_detect_v2,qwen3.5:4b,qwen35,4.7,detect,injected,full,2,True,all,1800,0,143,401,1800,900,401,163,0.4456,0.4134,0.4782,0.8189,0.7924,0.8427,0.3133,0.2923,0.3351,0.6322,0.6114,0.6524,0.2644,0.2228,0.3048,,,
injected_detect_v2,llama3.1:8b,llama31,8.0,detect,injected,full,2,True,all,1800,0,0,0,1800,900,0,0,0.0,0.0,0.0043,1.0,0.9957,1.0,0.0,0.0,0.0021,0.5,0.4979,0.5021,0.0,-0.0043,0.0043,,,
injected_detect_v2,granite4.1:8b,granite41,8.8,detect,injected,full,2,True,all,1800,0,125,140,1800,900,140,5,0.1556,0.1333,0.1807,0.9944,0.9871,0.9976,0.0806,0.0689,0.094,0.575,0.5633,0.5877,0.15,0.1266,0.1753,,,
injected_detect_v2,qwen3.5:9b,qwen35,9.7,detect,injected,full,2,True,all,1800,0,43,77,1800,900,77,13,0.0856,0.069,0.1056,0.9856,0.9754,0.9915,0.05,0.0409,0.0611,0.5356,0.5259,0.546,0.0711,0.0517,0.0921,,,
injected_detect_v2,gemma4:e2b,gemma4,5.1,detect,injected,full,2,True,all,1800,0,128,148,1800,900,148,20,0.1644,0.1417,0.1901,0.9778,0.9659,0.9856,0.0933,0.0807,0.1077,0.5711,0.5583,0.5845,0.1422,0.1165,0.169,,,
injected_detect_v2,gemma4:12b,gemma4,11.9,detect,injected,full,2,True,all,1800,0,231,254,1800,900,254,21,0.2822,0.2538,0.3125,0.9767,0.9646,0.9847,0.1528,0.1369,0.1701,0.6294,0.614,0.6451,0.2589,0.228,0.2902,,,
injected_detect_v2,phi4:latest,phi4,14.7,detect,injected,full,2,True,all,1800,0,119,149,1800,900,149,5,0.1656,0.1427,0.1912,0.9944,0.9871,0.9976,0.0856,0.0735,0.0994,0.58,0.568,0.5929,0.16,0.136,0.1859,,,
injected_detect_v2,gemma4:e4b,gemma4,8.0,detect,injected,full,2,True,all,1800,0,266,317,1800,900,317,55,0.3522,0.3217,0.384,0.9389,0.9213,0.9528,0.2067,0.1886,0.226,0.6456,0.6279,0.6629,0.2911,0.2559,0.3258,,,
m1_name_full_v1,openbmb/minicpm5:q4_K_M,minicpm5,1.1,name,injected_m1,full,1,True,all,600,0,0,0,600,300,193,194,0.6433,0.5876,0.6954,0.3533,0.3014,0.409,0.645,0.6059,0.6823,0.4983,0.4603,0.5364,-0.0033,-0.0795,0.0729,,,
m1_name_full_v1,qwen3.5:2b-q4_K_M,qwen35,2.3,name,injected_m1,full,1,True,all,600,0,0,0,600,300,298,297,0.9933,0.976,0.9982,0.01,0.0034,0.029,0.9917,0.9806,0.9964,0.5017,0.4924,0.5115,0.0033,-0.0152,0.0229,,,
m1_name_full_v1,granite4.1:3b,granite41,3.4,name,injected_m1,full,1,True,all,600,0,0,0,600,300,148,50,0.4933,0.4372,0.5496,0.8333,0.787,0.8712,0.33,0.2936,0.3686,0.6633,0.6269,0.6973,0.3267,0.2539,0.3945,,,
m1_name_full_v1,phi4-mini:latest,phi4,3.8,name,injected_m1,full,1,True,all,600,0,0,0,600,300,172,89,0.5733,0.5168,0.628,0.7033,0.6493,0.7522,0.435,0.3959,0.475,0.6383,0.5992,0.675,0.2767,0.1985,0.35,,,
m1_name_full_v1,qwen3.5:4b,qwen35,4.7,name,injected_m1,full,1,True,all,600,0,0,0,600,300,272,138,0.9067,0.8684,0.9346,0.54,0.4835,0.5955,0.6833,0.645,0.7193,0.7233,0.6892,0.7544,0.4467,0.3784,0.5088,,,
m1_name_full_v1,llama3.1:8b,llama31,8.0,name,injected_m1,full,1,True,all,600,0,0,0,600,300,0,0,0.0,0.0,0.0126,1.0,0.9874,1.0,0.0,0.0,0.0064,0.5,0.4937,0.5063,0.0,-0.0126,0.0126,,,
m1_name_full_v1,granite4.1:8b,granite41,8.8,name,injected_m1,full,1,True,all,600,0,0,0,600,300,248,103,0.8267,0.7798,0.8653,0.6567,0.6013,0.7081,0.585,0.5452,0.6238,0.7417,0.7054,0.7738,0.4833,0.4107,0.5477,,,
m1_name_full_v1,qwen3.5:9b,qwen35,9.7,name,injected_m1,full,1,True,all,600,0,0,0,600,300,222,40,0.74,0.6876,0.7864,0.8667,0.8235,0.9005,0.4367,0.3975,0.4766,0.8033,0.7694,0.832,0.6067,0.5388,0.6641,,,
m1_name_full_v1,gemma4:e2b,gemma4,5.1,name,injected_m1,full,1,True,all,600,0,0,0,600,300,267,230,0.89,0.8495,0.9206,0.2333,0.189,0.2844,0.8283,0.7961,0.8564,0.5617,0.5317,0.5914,0.1233,0.0633,0.1828,,,
m1_name_full_v1,gemma4:12b,gemma4,11.9,name,injected_m1,full,1,True,all,600,0,0,0,600,300,209,34,0.6967,0.6424,0.7459,0.8867,0.8458,0.9178,0.405,0.3664,0.4448,0.7917,0.7577,0.8208,0.5833,0.5154,0.6416,,,
m1_name_full_v1,phi4:latest,phi4,14.7,name,injected_m1,full,1,True,all,600,0,0,0,600,300,190,36,0.6333,0.5774,0.6859,0.88,0.8383,0.912,0.3767,0.3388,0.4161,0.7567,0.7218,0.7874,0.5133,0.4436,0.5749,,,
m1_name_full_v1,gemma4:e4b,gemma4,8.0,name,injected_m1,full,1,True,all,600,0,0,0,600,300,281,140,0.9367,0.9032,0.9591,0.5333,0.4768,0.589,0.7017,0.6639,0.7369,0.735,0.7022,0.765,0.47,0.4043,0.53,,,
m1_name_name_only_v1,openbmb/minicpm5:q4_K_M,minicpm5,1.1,name,injected_m1,name_only,1,True,all,600,0,0,0,600,300,1,0,0.0033,0.0006,0.0186,1.0,0.9874,1.0,0.0017,0.0003,0.0094,0.5017,0.4952,0.5093,0.0033,-0.0096,0.0186,,,
m1_name_name_only_v1,qwen3.5:2b-q4_K_M,qwen35,2.3,name,injected_m1,name_only,1,True,all,600,0,0,0,600,300,43,42,0.1433,0.1082,0.1875,0.86,0.8162,0.8947,0.1417,0.116,0.1719,0.5017,0.4736,0.5298,0.0033,-0.0529,0.0595,,,
m1_name_name_only_v1,granite4.1:3b,granite41,3.4,name,injected_m1,name_only,1,True,all,600,0,0,0,600,300,35,32,0.1167,0.0851,0.1579,0.8933,0.8533,0.9234,0.1117,0.0889,0.1394,0.505,0.4795,0.5305,0.01,-0.041,0.0611,,,
m1_name_name_only_v1,phi4-mini:latest,phi4,3.8,name,injected_m1,name_only,1,True,all,600,0,0,0,600,300,13,10,0.0433,0.0255,0.0727,0.9667,0.9397,0.9818,0.0383,0.0257,0.0569,0.505,0.4888,0.5215,0.01,-0.0223,0.043,,,
m1_name_name_only_v1,qwen3.5:4b,qwen35,4.7,name,injected_m1,name_only,1,True,all,600,0,0,0,600,300,82,76,0.2733,0.226,0.3264,0.7467,0.6945,0.7926,0.2633,0.2297,0.3,0.51,0.4748,0.5451,0.02,-0.0504,0.0901,,,
m1_name_name_only_v1,llama3.1:8b,llama31,8.0,name,injected_m1,name_only,1,True,all,600,0,0,0,600,300,0,0,0.0,0.0,0.0126,1.0,0.9874,1.0,0.0,0.0,0.0064,0.5,0.4937,0.5063,0.0,-0.0126,0.0126,,,
m1_name_name_only_v1,granite4.1:8b,granite41,8.8,name,injected_m1,name_only,1,True,all,600,0,0,0,600,300,44,35,0.1467,0.1111,0.1912,0.8833,0.8421,0.9149,0.1317,0.1069,0.1611,0.515,0.4878,0.5423,0.03,-0.0245,0.0846,,,
m1_name_name_only_v1,qwen3.5:9b,qwen35,9.7,name,injected_m1,name_only,1,True,all,600,0,0,0,600,300,8,8,0.0267,0.0136,0.0517,0.9733,0.9483,0.9864,0.0267,0.0165,0.0429,0.5,0.4859,0.5141,0.0,-0.0283,0.0283,,,
m1_name_name_only_v1,gemma4:e2b,gemma4,5.1,name,injected_m1,name_only,1,True,all,600,0,0,0,600,300,266,258,0.8867,0.8458,0.9178,0.14,0.1053,0.1838,0.8733,0.8443,0.8976,0.5133,0.4865,0.5402,0.0267,-0.027,0.0804,,,
m1_name_name_only_v1,gemma4:12b,gemma4,11.9,name,injected_m1,name_only,1,True,all,600,0,0,0,600,300,24,32,0.08,0.0543,0.1163,0.8933,0.8533,0.9234,0.0933,0.0726,0.1193,0.4867,0.4629,0.5102,-0.0267,-0.0742,0.0205,,,
m1_name_name_only_v1,phi4:latest,phi4,14.7,name,injected_m1,name_only,1,True,all,600,0,0,0,600,300,3,5,0.01,0.0034,0.029,0.9833,0.9616,0.9929,0.0133,0.0068,0.0261,0.4967,0.4853,0.5073,-0.0067,-0.0294,0.0146,,,
m1_name_name_only_v1,gemma4:e4b,gemma4,8.0,name,injected_m1,name_only,1,True,all,600,0,0,0,600,300,151,136,0.5033,0.4471,0.5595,0.5467,0.4901,0.6021,0.4783,0.4386,0.5183,0.525,0.4851,0.5644,0.05,-0.0298,0.1289,,,
m1_name_tags_only_v1,openbmb/minicpm5:q4_K_M,minicpm5,1.1,name,injected_m1,tags_only,1,True,all,600,0,0,0,600,300,152,150,0.5067,0.4504,0.5628,0.5,0.4438,0.5562,0.5033,0.4634,0.5432,0.5033,0.4636,0.5431,0.0067,-0.0729,0.0861,,,
m1_name_tags_only_v1,qwen3.5:2b-q4_K_M,qwen35,2.3,name,injected_m1,tags_only,1,True,all,600,0,0,0,600,300,182,168,0.6067,0.5504,0.6603,0.44,0.3849,0.4966,0.5833,0.5435,0.6221,0.5233,0.484,0.5623,0.0467,-0.0321,0.1246,,,
m1_name_tags_only_v1,granite4.1:3b,granite41,3.4,name,injected_m1,tags_only,1,True,all,600,0,0,0,600,300,244,248,0.8133,0.7654,0.8534,0.1733,0.1347,0.2202,0.82,0.7873,0.8487,0.4933,0.4625,0.5242,-0.0133,-0.0749,0.0483,,,
m1_name_tags_only_v1,phi4-mini:latest,phi4,3.8,name,injected_m1,tags_only,1,True,all,600,0,0,0,600,300,180,189,0.6,0.5436,0.6538,0.37,0.3173,0.426,0.615,0.5755,0.6531,0.485,0.4464,0.5238,-0.03,-0.1071,0.0476,,,
m1_name_tags_only_v1,qwen3.5:4b,qwen35,4.7,name,injected_m1,tags_only,1,True,all,600,0,0,0,600,300,116,114,0.3867,0.3333,0.4429,0.62,0.5639,0.6731,0.3833,0.3453,0.4229,0.5033,0.4646,0.542,0.0067,-0.0708,0.084,,,
m1_name_tags_only_v1,llama3.1:8b,llama31,8.0,name,injected_m1,tags_only,1,True,all,600,0,0,0,600,300,0,0,0.0,0.0,0.0126,1.0,0.9874,1.0,0.0,0.0,0.0064,0.5,0.4937,0.5063,0.0,-0.0126,0.0126,,,
m1_name_tags_only_v1,granite4.1:8b,granite41,8.8,name,injected_m1,tags_only,1,True,all,600,0,0,0,600,300,202,200,0.6733,0.6184,0.7239,0.3333,0.2824,0.3885,0.67,0.6314,0.7064,0.5033,0.4659,0.5408,0.0067,-0.0683,0.0815,,,
m1_name_tags_only_v1,qwen3.5:9b,qwen35,9.7,name,injected_m1,tags_only,1,True,all,600,0,0,0,600,300,89,96,0.2967,0.2478,0.3507,0.68,0.6252,0.7302,0.3083,0.2727,0.3464,0.4883,0.4516,0.5252,-0.0233,-0.0967,0.0504,,,
m1_name_tags_only_v1,gemma4:e2b,gemma4,5.1,name,injected_m1,tags_only,1,True,all,600,0,0,0,600,300,224,226,0.7467,0.6945,0.7926,0.2467,0.2013,0.2984,0.75,0.7138,0.783,0.4967,0.4621,0.5313,-0.0067,-0.0758,0.0625,,,
m1_name_tags_only_v1,gemma4:12b,gemma4,11.9,name,injected_m1,tags_only,1,True,all,600,0,0,0,600,300,187,205,0.6233,0.5673,0.6763,0.3167,0.2666,0.3713,0.6533,0.6144,0.6903,0.47,0.4324,0.5081,-0.06,-0.1351,0.0161,,,
m1_name_tags_only_v1,phi4:latest,phi4,14.7,name,injected_m1,tags_only,1,True,all,600,0,0,0,600,300,208,210,0.6933,0.639,0.7428,0.3,0.2509,0.3541,0.6967,0.6587,0.7321,0.4967,0.4601,0.5333,-0.0067,-0.0799,0.0666,,,
m1_name_tags_only_v1,gemma4:e4b,gemma4,8.0,name,injected_m1,tags_only,1,True,all,600,0,0,0,600,300,278,273,0.9267,0.8915,0.9511,0.09,0.0626,0.1278,0.9183,0.8937,0.9377,0.5083,0.486,0.5308,0.0167,-0.0279,0.0616,,,
m1_name_neither_v1,openbmb/minicpm5:q4_K_M,minicpm5,1.1,name,injected_m1,neither,1,True,all,600,0,0,0,600,300,0,0,0.0,0.0,0.0126,1.0,0.9874,1.0,0.0,0.0,0.0064,0.5,0.4937,0.5063,0.0,-0.0126,0.0126,,,
m1_name_neither_v1,qwen3.5:2b-q4_K_M,qwen35,2.3,name,injected_m1,neither,1,True,all,600,0,0,0,600,300,0,0,0.0,0.0,0.0126,1.0,0.9874,1.0,0.0,0.0,0.0064,0.5,0.4937,0.5063,0.0,-0.0126,0.0126,,,
m1_name_neither_v1,granite4.1:3b,granite41,3.4,name,injected_m1,neither,1,True,all,600,0,0,0,600,300,50,59,0.1667,0.1288,0.213,0.8033,0.7546,0.8444,0.1817,0.1529,0.2145,0.485,0.4541,0.5159,-0.03,-0.0917,0.0319,,,
m1_name_neither_v1,phi4-mini:latest,phi4,3.8,name,injected_m1,neither,1,True,all,600,0,0,0,600,300,25,25,0.0833,0.0571,0.1201,0.9167,0.8799,0.9429,0.0833,0.0638,0.1082,0.5,0.4774,0.5226,0.0,-0.0452,0.0452,,,
m1_name_neither_v1,qwen3.5:4b,qwen35,4.7,name,injected_m1,neither,1,True,all,600,0,0,0,600,300,0,0,0.0,0.0,0.0126,1.0,0.9874,1.0,0.0,0.0,0.0064,0.5,0.4937,0.5063,0.0,-0.0126,0.0126,,,
m1_name_neither_v1,llama3.1:8b,llama31,8.0,name,injected_m1,neither,1,True,all,600,0,0,0,600,300,0,0,0.0,0.0,0.0126,1.0,0.9874,1.0,0.0,0.0,0.0064,0.5,0.4937,0.5063,0.0,-0.0126,0.0126,,,
m1_name_neither_v1,granite4.1:8b,granite41,8.8,name,injected_m1,neither,1,True,all,600,0,0,0,600,300,152,150,0.5067,0.4504,0.5628,0.5,0.4438,0.5562,0.5033,0.4634,0.5432,0.5033,0.4636,0.5431,0.0067,-0.0729,0.0861,,,
m1_name_neither_v1,qwen3.5:9b,qwen35,9.7,name,injected_m1,neither,1,True,all,600,0,0,0,600,300,0,0,0.0,0.0,0.0126,1.0,0.9874,1.0,0.0,0.0,0.0064,0.5,0.4937,0.5063,0.0,-0.0126,0.0126,,,
m1_name_neither_v1,gemma4:e2b,gemma4,5.1,name,injected_m1,neither,1,True,all,600,0,0,0,600,300,299,300,0.9967,0.9814,0.9994,0.0,0.0,0.0126,0.9983,0.9906,0.9997,0.4983,0.4907,0.5048,-0.0033,-0.0186,0.0096,,,
m1_name_neither_v1,gemma4:12b,gemma4,11.9,name,injected_m1,neither,1,True,all,600,0,0,0,600,300,0,0,0.0,0.0,0.0126,1.0,0.9874,1.0,0.0,0.0,0.0064,0.5,0.4937,0.5063,0.0,-0.0126,0.0126,,,
m1_name_neither_v1,phi4:latest,phi4,14.7,name,injected_m1,neither,1,True,all,600,0,0,0,600,300,0,0,0.0,0.0,0.0126,1.0,0.9874,1.0,0.0,0.0,0.0064,0.5,0.4937,0.5063,0.0,-0.0126,0.0126,,,
m1_name_neither_v1,gemma4:e4b,gemma4,8.0,name,injected_m1,neither,1,True,all,600,0,0,0,600,300,297,295,0.99,0.971,0.9966,0.0167,0.0071,0.0384,0.9867,0.9739,0.9932,0.5033,0.4927,0.5147,0.0067,-0.0146,0.0294,,,
m1_name_name_only_held_v1,openbmb/minicpm5:q4_K_M,minicpm5,1.1,name,injected_m1,name_only,1,True,all,600,0,0,0,600,300,3,1,0.01,0.0034,0.029,0.9967,0.9814,0.9994,0.0067,0.0026,0.017,0.5033,0.495,0.5129,0.0067,-0.01,0.0258,,,
m1_name_name_only_held_v1,qwen3.5:2b-q4_K_M,qwen35,2.3,name,injected_m1,name_only,1,True,all,600,0,0,0,600,300,118,112,0.3933,0.3397,0.4496,0.6267,0.5707,0.6795,0.3833,0.3453,0.4229,0.51,0.4712,0.5486,0.02,-0.0575,0.0972,,,
m1_name_name_only_held_v1,granite4.1:3b,granite41,3.4,name,injected_m1,name_only,1,True,all,600,0,0,0,600,300,295,293,0.9833,0.9616,0.9929,0.0233,0.0113,0.0474,0.98,0.9654,0.9885,0.5033,0.4909,0.5163,0.0067,-0.0182,0.0325,,,
m1_name_name_only_held_v1,phi4-mini:latest,phi4,3.8,name,injected_m1,name_only,1,True,all,600,0,0,0,600,300,268,259,0.8933,0.8533,0.9234,0.1367,0.1024,0.1802,0.8783,0.8497,0.9021,0.515,0.4886,0.5414,0.03,-0.0227,0.0829,,,
m1_name_name_only_held_v1,qwen3.5:4b,qwen35,4.7,name,injected_m1,name_only,1,True,all,600,0,0,0,600,300,60,52,0.2,0.1587,0.2489,0.8267,0.7798,0.8653,0.1867,0.1575,0.2198,0.5133,0.4821,0.5445,0.0267,-0.0358,0.089,,,
m1_name_name_only_held_v1,llama3.1:8b,llama31,8.0,name,injected_m1,name_only,1,True,all,600,0,0,0,600,300,0,0,0.0,0.0,0.0126,1.0,0.9874,1.0,0.0,0.0,0.0064,0.5,0.4937,0.5063,0.0,-0.0126,0.0126,,,
m1_name_name_only_held_v1,granite4.1:8b,granite41,8.8,name,injected_m1,name_only,1,True,all,600,0,0,0,600,300,163,131,0.5433,0.4868,0.5988,0.5633,0.5068,0.6183,0.49,0.4502,0.5299,0.5533,0.5133,0.5924,0.1067,0.0267,0.1848,,,
m1_name_name_only_held_v1,qwen3.5:9b,qwen35,9.7,name,injected_m1,name_only,1,True,all,600,0,0,0,600,300,45,28,0.15,0.114,0.1948,0.9067,0.8684,0.9346,0.1217,0.0979,0.1503,0.5283,0.5021,0.5547,0.0567,0.0042,0.1095,,,
m1_name_name_only_held_v1,gemma4:e2b,gemma4,5.1,name,injected_m1,name_only,1,True,all,600,0,0,0,600,300,300,300,1.0,0.9874,1.0,0.0,0.0,0.0126,1.0,0.9936,1.0,0.5,0.4937,0.5063,0.0,-0.0126,0.0126,,,
m1_name_name_only_held_v1,gemma4:12b,gemma4,11.9,name,injected_m1,name_only,1,True,all,600,0,0,0,600,300,25,29,0.0833,0.0571,0.1201,0.9033,0.8646,0.9318,0.09,0.0696,0.1156,0.4933,0.4699,0.5166,-0.0133,-0.0601,0.0332,,,
m1_name_name_only_held_v1,phi4:latest,phi4,14.7,name,injected_m1,name_only,1,True,all,600,0,0,0,600,300,146,136,0.4867,0.4306,0.543,0.5467,0.4901,0.6021,0.47,0.4304,0.51,0.5167,0.4769,0.5562,0.0333,-0.0463,0.1124,,,
m1_name_name_only_held_v1,gemma4:e4b,gemma4,8.0,name,injected_m1,name_only,1,True,all,600,0,0,0,600,300,161,140,0.5367,0.4801,0.5923,0.5333,0.4768,0.589,0.5017,0.4618,0.5415,0.535,0.495,0.5743,0.07,-0.0099,0.1487,,,
m1_name_tags_only_held_v1,openbmb/minicpm5:q4_K_M,minicpm5,1.1,name,injected_m1,tags_only,1,True,all,600,0,0,0,600,300,156,151,0.52,0.4636,0.5759,0.4967,0.4405,0.5529,0.5117,0.4717,0.5515,0.5083,0.4685,0.548,0.0167,-0.063,0.096,,,
m1_name_tags_only_held_v1,qwen3.5:2b-q4_K_M,qwen35,2.3,name,injected_m1,tags_only,1,True,all,600,0,0,0,600,300,203,192,0.6767,0.6218,0.7271,0.36,0.3078,0.4158,0.6583,0.6195,0.6952,0.5183,0.4805,0.5559,0.0367,-0.0391,0.1118,,,
m1_name_tags_only_held_v1,granite4.1:3b,granite41,3.4,name,injected_m1,tags_only,1,True,all,600,0,0,0,600,300,264,271,0.88,0.8383,0.912,0.0967,0.0682,0.1354,0.8917,0.8643,0.9141,0.4883,0.4631,0.5135,-0.0233,-0.0738,0.0269,,,
m1_name_tags_only_held_v1,phi4-mini:latest,phi4,3.8,name,injected_m1,tags_only,1,True,all,600,0,0,0,600,300,199,209,0.6633,0.6081,0.7144,0.3033,0.2541,0.3576,0.68,0.6416,0.7161,0.4833,0.4463,0.5206,-0.0333,-0.1073,0.0412,,,
m1_name_tags_only_held_v1,qwen3.5:4b,qwen35,4.7,name,injected_m1,tags_only,1,True,all,600,0,0,0,600,300,154,147,0.5133,0.457,0.5694,0.51,0.4537,0.5661,0.5017,0.4618,0.5415,0.5117,0.4718,0.5513,0.0233,-0.0564,0.1026,,,
m1_name_tags_only_held_v1,llama3.1:8b,llama31,8.0,name,injected_m1,tags_only,1,True,all,600,0,0,0,600,300,0,0,0.0,0.0,0.0126,1.0,0.9874,1.0,0.0,0.0,0.0064,0.5,0.4937,0.5063,0.0,-0.0126,0.0126,,,
m1_name_tags_only_held_v1,granite4.1:8b,granite41,8.8,name,injected_m1,tags_only,1,True,all,600,0,0,0,600,300,257,252,0.8567,0.8125,0.8918,0.16,0.1229,0.2057,0.8483,0.8174,0.8748,0.5083,0.4795,0.5372,0.0167,-0.041,0.0744,,,
m1_name_tags_only_held_v1,qwen3.5:9b,qwen35,9.7,name,injected_m1,tags_only,1,True,all,600,0,0,0,600,300,111,120,0.37,0.3173,0.426,0.6,0.5436,0.6538,0.385,0.3469,0.4245,0.485,0.4464,0.5238,-0.03,-0.1071,0.0476,,,
m1_name_tags_only_held_v1,gemma4:e2b,gemma4,5.1,name,injected_m1,tags_only,1,True,all,600,0,0,0,600,300,251,257,0.8367,0.7906,0.8742,0.1433,0.1082,0.1875,0.8467,0.8156,0.8733,0.49,0.461,0.519,-0.02,-0.0779,0.038,,,
m1_name_tags_only_held_v1,gemma4:12b,gemma4,11.9,name,injected_m1,tags_only,1,True,all,600,0,0,0,600,300,90,97,0.3,0.2509,0.3541,0.6767,0.6218,0.7271,0.3117,0.2759,0.3498,0.4883,0.4515,0.5253,-0.0233,-0.0969,0.0506,,,
m1_name_tags_only_held_v1,phi4:latest,phi4,14.7,name,injected_m1,tags_only,1,True,all,600,0,0,0,600,300,250,254,0.8333,0.787,0.8712,0.1533,0.117,0.1985,0.84,0.8085,0.8672,0.4933,0.4639,0.5228,-0.0133,-0.0722,0.0456,,,
m1_name_tags_only_held_v1,gemma4:e4b,gemma4,8.0,name,injected_m1,tags_only,1,True,all,600,0,0,0,600,300,264,268,0.88,0.8383,0.912,0.1067,0.0766,0.1467,0.8867,0.8588,0.9096,0.4933,0.4676,0.519,-0.0133,-0.0647,0.038,,,
m1_name_full_v2,openbmb/minicpm5:q4_K_M,minicpm5,1.1,name,injected_m1,full,2,True,all,600,0,0,0,600,300,155,153,0.5167,0.4603,0.5726,0.49,0.4339,0.5463,0.5133,0.4734,0.5531,0.5033,0.4636,0.543,0.0067,-0.0729,0.0861,,,
m1_name_full_v2,qwen3.5:2b-q4_K_M,qwen35,2.3,name,injected_m1,full,2,True,all,600,0,0,0,600,300,300,300,1.0,0.9874,1.0,0.0,0.0,0.0126,1.0,0.9936,1.0,0.5,0.4937,0.5063,0.0,-0.0126,0.0126,,,
m1_name_full_v2,granite4.1:3b,granite41,3.4,name,injected_m1,full,2,True,all,600,0,0,0,600,300,113,27,0.3767,0.3237,0.4327,0.91,0.8722,0.9374,0.2333,0.2013,0.2688,0.6433,0.6108,0.6745,0.2867,0.2216,0.3491,,,
m1_name_full_v2,phi4-mini:latest,phi4,3.8,name,injected_m1,full,2,True,all,600,0,0,0,600,300,259,190,0.8633,0.8198,0.8976,0.3667,0.3141,0.4226,0.7483,0.7121,0.7814,0.615,0.5809,0.6478,0.23,0.1618,0.2956,,,
m1_name_full_v2,qwen3.5:4b,qwen35,4.7,name,injected_m1,full,2,True,all,600,0,0,0,600,300,252,146,0.84,0.7943,0.8771,0.5133,0.457,0.5694,0.6633,0.6246,0.7,0.6767,0.6404,0.7103,0.3533,0.2807,0.4206,,,
m1_name_full_v2,llama3.1:8b,llama31,8.0,name,injected_m1,full,2,True,all,600,0,0,0,600,300,0,0,0.0,0.0,0.0126,1.0,0.9874,1.0,0.0,0.0,0.0064,0.5,0.4937,0.5063,0.0,-0.0126,0.0126,,,
m1_name_full_v2,granite4.1:8b,granite41,8.8,name,injected_m1,full,2,True,all,600,0,0,0,600,300,195,23,0.65,0.5944,0.7018,0.9233,0.8876,0.9484,0.3633,0.3258,0.4026,0.7867,0.7536,0.8154,0.5733,0.5073,0.6308,,,
m1_name_full_v2,qwen3.5:9b,qwen35,9.7,name,injected_m1,full,2,True,all,600,0,0,0,600,300,170,26,0.5667,0.5101,0.6215,0.9133,0.876,0.9402,0.3267,0.2903,0.3652,0.74,0.7061,0.7705,0.48,0.4122,0.5411,,,
m1_name_full_v2,gemma4:e2b,gemma4,5.1,name,injected_m1,full,2,True,all,600,0,0,0,600,300,178,117,0.5933,0.5369,0.6474,0.61,0.5537,0.6635,0.4917,0.4518,0.5316,0.6017,0.5618,0.6397,0.2033,0.1237,0.2794,,,
m1_name_full_v2,gemma4:12b,gemma4,11.9,name,injected_m1,full,2,True,all,600,0,0,0,600,300,107,13,0.3567,0.3046,0.4124,0.9567,0.9273,0.9745,0.2,0.1699,0.2339,0.6567,0.6268,0.6859,0.3133,0.2535,0.3718,,,
m1_name_full_v2,phi4:latest,phi4,14.7,name,injected_m1,full,2,True,all,600,0,0,0,600,300,84,7,0.28,0.2322,0.3333,0.9767,0.9526,0.9887,0.1517,0.1252,0.1826,0.6283,0.6016,0.6557,0.2567,0.2032,0.3113,,,
m1_name_full_v2,gemma4:e4b,gemma4,8.0,name,injected_m1,full,2,True,all,600,0,0,0,600,300,191,46,0.6367,0.5808,0.689,0.8467,0.8015,0.883,0.395,0.3567,0.4347,0.7417,0.7058,0.7735,0.4833,0.4115,0.5471,,,
natural_name_v1,openbmb/minicpm5:q4_K_M,minicpm5,1.1,name,natural,full,1,True,adjudicated,250,0,0,0,224,29,13,125,0.4483,0.2841,0.6245,0.359,0.295,0.4284,0.6161,0.5509,0.6773,0.4036,0.3155,0.4983,-0.1927,-0.3689,-0.0033,0.0654,0.5096,0.6922
natural_name_v1,openbmb/minicpm5:q4_K_M,minicpm5,1.1,name,natural,full,1,True,decidable_core,250,0,0,0,206,21,8,120,0.381,0.2075,0.5912,0.3514,0.2862,0.4225,0.6214,0.5535,0.6848,0.3662,0.2735,0.4771,-0.2677,-0.453,-0.0457,0.0413,0.5504,0.715
natural_name_v1,qwen3.5:2b-q4_K_M,qwen35,2.3,name,natural,full,1,True,adjudicated,250,0,0,0,224,29,29,193,1.0,0.883,1.0,0.0103,0.0028,0.0366,0.9911,0.968,0.9975,0.5051,0.4465,0.5183,0.0103,-0.1069,0.0366,0.0654,1.0,0.9993
natural_name_v1,qwen3.5:2b-q4_K_M,qwen35,2.3,name,natural,full,1,True,decidable_core,250,0,0,0,206,21,21,183,1.0,0.8454,1.0,0.0108,0.003,0.0386,0.9903,0.9653,0.9973,0.5054,0.428,0.5193,0.0108,-0.144,0.0386,0.0413,1.0,0.9993
natural_name_v1,granite4.1:3b,granite41,3.4,name,natural,full,1,True,adjudicated,250,0,0,0,224,29,5,34,0.1724,0.076,0.3455,0.8256,0.7662,0.8725,0.1741,0.1301,0.2291,0.499,0.4424,0.5887,-0.0019,-0.1152,0.1773,0.0654,0.0844,0.0947
natural_name_v1,granite4.1:3b,granite41,3.4,name,natural,full,1,True,decidable_core,250,0,0,0,206,21,4,32,0.1905,0.0767,0.4,0.827,0.766,0.8747,0.1748,0.129,0.2324,0.5088,0.4442,0.6162,0.0175,-0.1116,0.2324,0.0413,0.1182,0.0971
natural_name_v1,phi4-mini:latest,phi4,3.8,name,natural,full,1,True,adjudicated,250,0,0,0,224,29,9,54,0.3103,0.1728,0.4923,0.7231,0.6564,0.7811,0.2812,0.2264,0.3434,0.5167,0.4403,0.6122,0.0334,-0.1195,0.2244,0.0654,0.3085,0.2326
natural_name_v1,phi4-mini:latest,phi4,3.8,name,natural,full,1,True,decidable_core,250,0,0,0,206,21,8,52,0.381,0.2075,0.5912,0.7189,0.6502,0.7787,0.2913,0.2335,0.3567,0.5499,0.4567,0.6592,0.0999,-0.0867,0.3185,0.0413,0.4195,0.2414
natural_name_v1,qwen3.5:4b,qwen35,4.7,name,natural,full,1,True,adjudicated,250,0,0,0,224,29,17,80,0.5862,0.4074,0.7449,0.5897,0.5196,0.6564,0.433,0.3698,0.4985,0.588,0.4919,0.674,0.176,-0.0161,0.348,0.0654,0.4835,0.4984
natural_name_v1,qwen3.5:4b,qwen35,4.7,name,natural,full,1,True,decidable_core,250,0,0,0,206,21,13,77,0.619,0.4088,0.7925,0.5838,0.5118,0.6524,0.4369,0.3709,0.5052,0.6014,0.4903,0.6947,0.2028,-0.0194,0.3894,0.0413,0.4959,0.5083
natural_name_v1,llama3.1:8b,llama31,8.0,name,natural,full,1,True,adjudicated,250,0,0,0,224,29,0,0,0.0,0.0,0.117,1.0,0.9807,1.0,0.0,0.0,0.0169,0.5,0.4903,0.5585,0.0,-0.0193,0.117,0.0654,0.0,0.0
natural_name_v1,llama3.1:8b,llama31,8.0,name,natural,full,1,True,decidable_core,250,0,0,0,206,21,0,0,0.0,0.0,0.1546,1.0,0.9797,1.0,0.0,0.0,0.0183,0.5,0.4898,0.5773,0.0,-0.0203,0.1546,0.0413,0.0,0.0
natural_name_v1,granite4.1:8b,granite41,8.8,name,natural,full,1,True,adjudicated,250,0,0,0,224,29,11,50,0.3793,0.2269,0.56,0.7436,0.678,0.7998,0.2723,0.2182,0.3341,0.5615,0.4785,0.656,0.1229,-0.043,0.3121,0.0654,0.2202,0.2259
natural_name_v1,granite4.1:8b,granite41,8.8,name,natural,full,1,True,decidable_core,250,0,0,0,206,21,10,46,0.4762,0.2834,0.6763,0.7514,0.6844,0.8081,0.2718,0.2157,0.3364,0.6138,0.5117,0.7178,0.2275,0.0235,0.4355,0.0413,0.3479,0.2216
natural_name_v1,qwen3.5:9b,qwen35,9.7,name,natural,full,1,True,adjudicated,250,0,0,0,224,29,4,28,0.1379,0.055,0.3056,0.8564,0.8003,0.8987,0.1429,0.103,0.1947,0.4972,0.4471,0.5836,-0.0057,-0.1058,0.1673,0.0654,0.2078,0.2075
natural_name_v1,qwen3.5:9b,qwen35,9.7,name,natural,full,1,True,decidable_core,250,0,0,0,206,21,2,25,0.0952,0.0265,0.2891,0.8649,0.8081,0.9068,0.1311,0.0917,0.184,0.4801,0.4355,0.5792,-0.0399,-0.129,0.1585,0.0413,0.2246,0.1978
natural_name_v1,gemma4:e2b,gemma4,5.1,name,natural,full,1,True,adjudicated,250,0,0,0,224,29,27,148,0.931,0.7804,0.9809,0.241,0.1864,0.3057,0.7812,0.7226,0.8304,0.586,0.5059,0.6269,0.1721,0.0118,0.2537,0.0654,0.9165,0.79
natural_name_v1,gemma4:e2b,gemma4,5.1,name,natural,full,1,True,decidable_core,250,0,0,0,206,21,19,139,0.9048,0.7109,0.9735,0.2486,0.1919,0.3156,0.767,0.7047,0.8195,0.5767,0.4757,0.6247,0.1534,-0.0486,0.2494,0.0413,0.8588,0.776
natural_name_v1,gemma4:12b,gemma4,11.9,name,natural,full,1,True,adjudicated,250,0,0,0,224,29,2,21,0.069,0.0191,0.2196,0.8923,0.841,0.9285,0.1027,0.0694,0.1494,0.4806,0.4449,0.5581,-0.0387,-0.1103,0.1162,0.0654,0.0049,0.102
natural_name_v1,gemma4:12b,gemma4,11.9,name,natural,full,1,True,decidable_core,250,0,0,0,206,21,2,19,0.0952,0.0265,0.2891,0.8973,0.8452,0.9333,0.1019,0.0676,0.1508,0.4963,0.4531,0.5949,-0.0075,-0.0937,0.1897,0.0413,0.0084,0.0905
natural_name_v1,phi4:latest,phi4,14.7,name,natural,full,1,True,adjudicated,250,0,0,0,224,29,7,24,0.2414,0.1222,0.4211,0.8769,0.8234,0.9159,0.1384,0.0992,0.1897,0.5592,0.4938,0.6511,0.1183,-0.0124,0.3022,0.0654,0.1846,0.1105
natural_name_v1,phi4:latest,phi4,14.7,name,natural,full,1,True,decidable_core,250,0,0,0,206,21,6,22,0.2857,0.1381,0.4996,0.8811,0.8265,0.9201,0.1359,0.0957,0.1894,0.5834,0.5047,0.6921,0.1668,0.0095,0.3842,0.0413,0.2877,0.0986
natural_name_v1,gemma4:e4b,gemma4,8.0,name,natural,full,1,True,adjudicated,250,0,0,0,224,29,20,95,0.6897,0.5077,0.8272,0.5128,0.4431,0.582,0.5134,0.4483,0.5781,0.6012,0.5038,0.6782,0.2025,0.0076,0.3565,0.0654,0.6681,0.4274
natural_name_v1,gemma4:e4b,gemma4,8.0,name,natural,full,1,True,decidable_core,250,0,0,0,206,21,15,90,0.7143,0.5004,0.8619,0.5135,0.442,0.5845,0.5097,0.4419,0.5772,0.6139,0.5011,0.6958,0.2278,0.0023,0.3916,0.0413,0.5035,0.3966
natural_name_v2,openbmb/minicpm5:q4_K_M,minicpm5,1.1,name,natural,full,2,True,adjudicated,250,0,0,0,224,29,10,93,0.3448,0.1994,0.5265,0.5231,0.4532,0.5921,0.4598,0.3958,0.5252,0.434,0.3533,0.5311,-0.1321,-0.2934,0.0623,0.0654,0.3231,0.4596
natural_name_v2,openbmb/minicpm5:q4_K_M,minicpm5,1.1,name,natural,full,2,True,decidable_core,250,0,0,0,206,21,6,89,0.2857,0.1381,0.4996,0.5189,0.4473,0.5898,0.4612,0.3944,0.5293,0.4023,0.3203,0.515,-0.1954,-0.3594,0.0299,0.0413,0.2594,0.4703
natural_name_v2,qwen3.5:2b-q4_K_M,qwen35,2.3,name,natural,full,2,True,adjudicated,250,0,0,0,224,29,29,195,1.0,0.883,1.0,0.0,0.0,0.0193,1.0,0.9831,1.0,0.5,0.4415,0.5097,0.0,-0.117,0.0193,0.0654,1.0,1.0
natural_name_v2,qwen3.5:2b-q4_K_M,qwen35,2.3,name,natural,full,2,True,decidable_core,250,0,0,0,206,21,21,185,1.0,0.8454,1.0,0.0,0.0,0.0203,1.0,0.9817,1.0,0.5,0.4227,0.5102,0.0,-0.1546,0.0203,0.0413,1.0,1.0
natural_name_v2,granite4.1:3b,granite41,3.4,name,natural,full,2,True,adjudicated,250,0,0,0,224,29,2,19,0.069,0.0191,0.2196,0.9026,0.8528,0.9367,0.0938,0.0621,0.1391,0.4858,0.4506,0.563,-0.0285,-0.0989,0.126,0.0654,0.0096,0.0449
natural_name_v2,granite4.1:3b,granite41,3.4,name,natural,full,2,True,decidable_core,250,0,0,0,206,21,1,18,0.0476,0.0085,0.2267,0.9027,0.8515,0.9376,0.0922,0.0598,0.1396,0.4752,0.4429,0.5664,-0.0497,-0.1142,0.1328,0.0413,0.0059,0.045
natural_name_v2,phi4-mini:latest,phi4,3.8,name,natural,full,2,True,adjudicated,250,0,0,0,224,29,20,123,0.6897,0.5077,0.8272,0.3692,0.3046,0.4389,0.6384,0.5736,0.6985,0.5294,0.4329,0.6066,0.0589,-0.1342,0.2131,0.0654,0.6368,0.598
natural_name_v2,phi4-mini:latest,phi4,3.8,name,natural,full,2,True,decidable_core,250,0,0,0,206,21,16,117,0.7619,0.5491,0.8937,0.3676,0.3014,0.4391,0.6456,0.5782,0.7077,0.5647,0.4533,0.6397,0.1295,-0.0934,0.2794,0.0413,0.79,0.5996
natural_name_v2,qwen3.5:4b,qwen35,4.7,name,natural,full,2,True,adjudicated,250,0,0,0,224,29,18,99,0.6207,0.44,0.7731,0.4923,0.423,0.5619,0.5223,0.4571,0.5868,0.5565,0.4597,0.6403,0.113,-0.0805,0.2806,0.0654,0.5487,0.5528
natural_name_v2,qwen3.5:4b,qwen35,4.7,name,natural,full,2,True,decidable_core,250,0,0,0,206,21,15,95,0.7143,0.5004,0.8619,0.4865,0.4155,0.558,0.534,0.4659,0.6009,0.6004,0.4877,0.6824,0.2008,-0.0246,0.3648,0.0413,0.6166,0.5592
natural_name_v2,llama3.1:8b,llama31,8.0,name,natural,full,2,True,adjudicated,250,0,0,0,224,29,0,0,0.0,0.0,0.117,1.0,0.9807,1.0,0.0,0.0,0.0169,0.5,0.4903,0.5585,0.0,-0.0193,0.117,0.0654,0.0,0.0
natural_name_v2,llama3.1:8b,llama31,8.0,name,natural,full,2,True,decidable_core,250,0,0,0,206,21,0,0,0.0,0.0,0.1546,1.0,0.9797,1.0,0.0,0.0,0.0183,0.5,0.4898,0.5773,0.0,-0.0203,0.1546,0.0413,0.0,0.0
natural_name_v2,granite4.1:8b,granite41,8.8,name,natural,full,2,True,adjudicated,250,0,0,0,224,29,2,18,0.069,0.0191,0.2196,0.9077,0.8588,0.9408,0.0893,0.0585,0.1339,0.4883,0.4534,0.5655,-0.0233,-0.0931,0.1309,0.0654,0.0045,0.0826
natural_name_v2,granite4.1:8b,granite41,8.8,name,natural,full,2,True,decidable_core,250,0,0,0,206,21,2,16,0.0952,0.0265,0.2891,0.9135,0.8641,0.9461,0.0874,0.056,0.1339,0.5044,0.4621,0.6027,0.0088,-0.0759,0.2054,0.0413,0.0076,0.0855
natural_name_v2,qwen3.5:9b,qwen35,9.7,name,natural,full,2,True,adjudicated,250,0,0,0,224,29,2,21,0.069,0.0191,0.2196,0.8923,0.841,0.9285,0.1027,0.0694,0.1494,0.4806,0.4449,0.5581,-0.0387,-0.1103,0.1162,0.0654,0.0639,0.1367
natural_name_v2,qwen3.5:9b,qwen35,9.7,name,natural,full,2,True,decidable_core,250,0,0,0,206,21,1,20,0.0476,0.0085,0.2267,0.8919,0.8389,0.9289,0.1019,0.0676,0.1508,0.4698,0.4368,0.5612,-0.0605,-0.1264,0.1224,0.0413,0.0059,0.1391
natural_name_v2,gemma4:e2b,gemma4,5.1,name,natural,full,2,True,adjudicated,250,0,0,0,224,29,10,71,0.3448,0.1994,0.5265,0.6359,0.5663,0.7002,0.3616,0.3015,0.4264,0.4904,0.4098,0.5867,-0.0193,-0.1805,0.1735,0.0654,0.1537,0.2985
natural_name_v2,gemma4:e2b,gemma4,5.1,name,natural,full,2,True,decidable_core,250,0,0,0,206,21,8,67,0.381,0.2075,0.5912,0.6378,0.5664,0.7036,0.3641,0.3014,0.4317,0.5094,0.4156,0.6196,0.0188,-0.1688,0.2391,0.0413,0.2251,0.2951
natural_name_v2,gemma4:12b,gemma4,11.9,name,natural,full,2,True,adjudicated,250,0,0,0,224,29,1,9,0.0345,0.0061,0.1718,0.9538,0.9146,0.9755,0.0446,0.0244,0.0802,0.4942,0.47,0.5637,-0.0117,-0.0601,0.1273,0.0654,0.0035,0.0248
natural_name_v2,gemma4:12b,gemma4,11.9,name,natural,full,2,True,decidable_core,250,0,0,0,206,21,1,8,0.0476,0.0085,0.2267,0.9568,0.917,0.9779,0.0437,0.0232,0.0809,0.5022,0.4743,0.5923,0.0044,-0.0514,0.1847,0.0413,0.0059,0.0239
natural_name_v2,phi4:latest,phi4,14.7,name,natural,full,2,True,adjudicated,250,0,0,0,224,29,1,6,0.0345,0.0061,0.1718,0.9692,0.9345,0.9858,0.0312,0.0152,0.0631,0.5019,0.4794,0.571,0.0037,-0.0411,0.142,0.0654,0.0145,0.0623
natural_name_v2,phi4:latest,phi4,14.7,name,natural,full,2,True,decidable_core,250,0,0,0,206,21,0,5,0.0,0.0,0.1546,0.973,0.9383,0.9884,0.0243,0.0104,0.0556,0.4865,0.4692,0.5642,-0.027,-0.0617,0.1284,0.0413,0.0,0.0629
natural_name_v2,gemma4:e4b,gemma4,8.0,name,natural,full,2,True,adjudicated,250,0,0,0,224,29,6,36,0.2069,0.0985,0.3839,0.8154,0.755,0.8636,0.1875,0.1418,0.2437,0.5111,0.4491,0.6029,0.0223,-0.1018,0.2057,0.0654,0.0828,0.1355
natural_name_v2,gemma4:e4b,gemma4,8.0,name,natural,full,2,True,decidable_core,250,0,0,0,206,21,4,31,0.1905,0.0767,0.4,0.8324,0.772,0.8794,0.1699,0.1248,0.2271,0.5115,0.447,0.6188,0.0229,-0.106,0.2376,0.0413,0.0131,0.1055
m1_name_full_v1_unconstrained,openbmb/minicpm5:q4_K_M,minicpm5,1.1,name,injected_m1,full,1,False,all,600,278,0,0,600,300,166,155,0.5533,0.4968,0.6086,0.4833,0.4274,0.5397,0.535,0.495,0.5746,0.5183,0.4785,0.5578,0.0367,-0.0429,0.1156,,,
m1_name_full_v1_unconstrained,qwen3.5:2b-q4_K_M,qwen35,2.3,name,injected_m1,full,1,False,all,600,103,0,0,600,300,233,237,0.7767,0.7262,0.8201,0.21,0.1677,0.2596,0.7833,0.7486,0.8144,0.4933,0.4604,0.5263,-0.0133,-0.0792,0.0526,,,
m1_name_full_v1_unconstrained,granite4.1:3b,granite41,3.4,name,injected_m1,full,1,False,all,600,0,0,0,600,300,148,50,0.4933,0.4372,0.5496,0.8333,0.787,0.8712,0.33,0.2936,0.3686,0.6633,0.6269,0.6973,0.3267,0.2539,0.3945,,,
m1_name_full_v1_unconstrained,phi4-mini:latest,phi4,3.8,name,injected_m1,full,1,False,all,600,3,0,0,600,300,173,90,0.5767,0.5201,0.6313,0.7,0.6459,0.7491,0.4383,0.3991,0.4783,0.6383,0.5992,0.675,0.2767,0.1984,0.3501,,,
m1_name_full_v1_unconstrained,qwen3.5:4b,qwen35,4.7,name,injected_m1,full,1,False,all,600,77,0,0,600,300,231,125,0.77,0.7191,0.814,0.5833,0.5268,0.6377,0.5933,0.5536,0.6319,0.6767,0.6387,0.7117,0.3533,0.2773,0.4233,,,
m1_name_full_v1_unconstrained,llama3.1:8b,llama31,8.0,name,injected_m1,full,1,False,all,600,600,0,0,600,300,0,0,0.0,0.0,0.0126,1.0,0.9874,1.0,0.0,0.0,0.0064,0.5,0.4937,0.5063,0.0,-0.0126,0.0126,,,
m1_name_full_v1_unconstrained,granite4.1:8b,granite41,8.8,name,injected_m1,full,1,False,all,600,81,0,0,600,300,228,79,0.76,0.7086,0.8048,0.7367,0.6841,0.7833,0.5117,0.4717,0.5515,0.7483,0.7116,0.7807,0.4967,0.4231,0.5614,,,
m1_name_full_v1_unconstrained,qwen3.5:9b,qwen35,9.7,name,injected_m1,full,1,False,all,600,0,0,0,600,300,219,41,0.73,0.6771,0.7771,0.8633,0.8198,0.8976,0.4333,0.3942,0.4733,0.7967,0.7624,0.8258,0.5933,0.5248,0.6516,,,
m1_name_full_v1_unconstrained,gemma4:e2b,gemma4,5.1,name,injected_m1,full,1,False,all,600,135,0,0,600,300,217,190,0.7233,0.6701,0.7709,0.3667,0.3141,0.4226,0.6783,0.6399,0.7145,0.545,0.5076,0.5817,0.09,0.0152,0.1634,,,
m1_name_full_v1_unconstrained,gemma4:12b,gemma4,11.9,name,injected_m1,full,1,False,all,600,0,0,0,600,300,208,35,0.6933,0.639,0.7428,0.8833,0.8421,0.9149,0.405,0.3664,0.4448,0.7883,0.7542,0.8177,0.5767,0.5084,0.6353,,,
m1_name_full_v1_unconstrained,phi4:latest,phi4,14.7,name,injected_m1,full,1,False,all,600,268,0,0,600,300,149,15,0.4967,0.4405,0.5529,0.95,0.9192,0.9695,0.2733,0.2392,0.3104,0.7233,0.6913,0.7531,0.4467,0.3826,0.5062,,,
m1_name_full_v1_unconstrained,gemma4:e4b,gemma4,8.0,name,injected_m1,full,1,False,all,600,0,0,0,600,300,280,142,0.9333,0.8993,0.9564,0.5267,0.4702,0.5825,0.7033,0.6656,0.7385,0.73,0.697,0.7602,0.46,0.394,0.5204,,,
natural_name_v1_unconstrained,openbmb/minicpm5:q4_K_M,minicpm5,1.1,name,natural,full,1,False,adjudicated,250,125,0,0,224,29,12,105,0.4138,0.2551,0.5926,0.4615,0.393,0.5316,0.5223,0.4571,0.5868,0.4377,0.3512,0.5337,-0.1247,-0.2975,0.0674,0.0654,0.4849,0.5486
natural_name_v1_unconstrained,openbmb/minicpm5:q4_K_M,minicpm5,1.1,name,natural,full,1,False,decidable_core,250,125,0,0,206,21,7,100,0.3333,0.1719,0.5463,0.4595,0.3892,0.5314,0.5194,0.4515,0.5867,0.3964,0.3084,0.5088,-0.2072,-0.3832,0.0175,0.0413,0.5228,0.5606
natural_name_v1_unconstrained,qwen3.5:2b-q4_K_M,qwen35,2.3,name,natural,full,1,False,adjudicated,250,35,0,0,224,29,23,156,0.7931,0.6161,0.9015,0.2,0.1499,0.2617,0.7991,0.7418,0.8463,0.4966,0.4046,0.5589,-0.0069,-0.1909,0.1179,0.0654,0.5668,0.7815
natural_name_v1_unconstrained,qwen3.5:2b-q4_K_M,qwen35,2.3,name,natural,full,1,False,decidable_core,250,35,0,0,206,21,17,146,0.8095,0.6,0.9233,0.2108,0.1582,0.2752,0.7913,0.7307,0.8412,0.5102,0.4022,0.5755,0.0203,-0.1957,0.1511,0.0413,0.6367,0.782
natural_name_v1_unconstrained,granite4.1:3b,granite41,3.4,name,natural,full,1,False,adjudicated,250,0,0,0,224,29,5,34,0.1724,0.076,0.3455,0.8256,0.7662,0.8725,0.1741,0.1301,0.2291,0.499,0.4424,0.5887,-0.0019,-0.1152,0.1773,0.0654,0.0844,0.0947
natural_name_v1_unconstrained,granite4.1:3b,granite41,3.4,name,natural,full,1,False,decidable_core,250,0,0,0,206,21,4,32,0.1905,0.0767,0.4,0.827,0.766,0.8747,0.1748,0.129,0.2324,0.5088,0.4442,0.6162,0.0175,-0.1116,0.2324,0.0413,0.1182,0.0971
natural_name_v1_unconstrained,phi4-mini:latest,phi4,3.8,name,natural,full,1,False,adjudicated,250,1,0,0,224,29,9,53,0.3103,0.1728,0.4923,0.7282,0.6618,0.7858,0.2768,0.2223,0.3388,0.5193,0.4429,0.6147,0.0385,-0.1142,0.2294,0.0654,0.3221,0.2382
natural_name_v1_unconstrained,phi4-mini:latest,phi4,3.8,name,natural,full,1,False,decidable_core,250,1,0,0,206,21,7,51,0.3333,0.1719,0.5463,0.7243,0.6559,0.7837,0.2816,0.2246,0.3465,0.5288,0.4412,0.6394,0.0577,-0.1176,0.2787,0.0413,0.418,0.2463
natural_name_v1_unconstrained,qwen3.5:4b,qwen35,4.7,name,natural,full,1,False,adjudicated,250,26,0,0,224,29,15,74,0.5172,0.3443,0.6861,0.6205,0.5507,0.6857,0.3973,0.3355,0.4626,0.5689,0.4756,0.6594,0.1378,-0.0487,0.3188,0.0654,0.3121,0.4412
natural_name_v1_unconstrained,qwen3.5:4b,qwen35,4.7,name,natural,full,1,False,decidable_core,250,26,0,0,206,21,12,71,0.5714,0.3655,0.7553,0.6162,0.5445,0.6833,0.4029,0.3383,0.4711,0.5938,0.4848,0.6917,0.1876,-0.0305,0.3834,0.0413,0.3907,0.4549
natural_name_v1_unconstrained,llama3.1:8b,llama31,8.0,name,natural,full,1,False,adjudicated,250,250,0,0,224,29,0,0,0.0,0.0,0.117,1.0,0.9807,1.0,0.0,0.0,0.0169,0.5,0.4903,0.5585,0.0,-0.0193,0.117,0.0654,0.0,0.0
natural_name_v1_unconstrained,llama3.1:8b,llama31,8.0,name,natural,full,1,False,decidable_core,250,250,0,0,206,21,0,0,0.0,0.0,0.1546,1.0,0.9797,1.0,0.0,0.0,0.0183,0.5,0.4898,0.5773,0.0,-0.0203,0.1546,0.0413,0.0,0.0
natural_name_v1_unconstrained,granite4.1:8b,granite41,8.8,name,natural,full,1,False,adjudicated,250,51,0,0,224,29,8,41,0.2759,0.147,0.4572,0.7897,0.7272,0.8411,0.2188,0.1696,0.2774,0.5328,0.4612,0.627,0.0656,-0.0776,0.254,0.0654,0.1512,0.1928
natural_name_v1_unconstrained,granite4.1:8b,granite41,8.8,name,natural,full,1,False,decidable_core,250,51,0,0,206,21,7,38,0.3333,0.1719,0.5463,0.7946,0.7307,0.8465,0.2184,0.1675,0.2797,0.564,0.4772,0.6736,0.1279,-0.0457,0.3471,0.0413,0.2312,0.1864
natural_name_v1_unconstrained,qwen3.5:9b,qwen35,9.7,name,natural,full,1,False,adjudicated,250,0,0,0,224,29,4,28,0.1379,0.055,0.3056,0.8564,0.8003,0.8987,0.1429,0.103,0.1947,0.4972,0.4471,0.5836,-0.0057,-0.1058,0.1673,0.0654,0.2078,0.2075
natural_name_v1_unconstrained,qwen3.5:9b,qwen35,9.7,name,natural,full,1,False,decidable_core,250,0,0,0,206,21,2,25,0.0952,0.0265,0.2891,0.8649,0.8081,0.9068,0.1311,0.0917,0.184,0.4801,0.4355,0.5792,-0.0399,-0.129,0.1585,0.0413,0.2246,0.1978
natural_name_v1_unconstrained,gemma4:e2b,gemma4,5.1,name,natural,full,1,False,adjudicated,250,74,0,0,224,29,18,116,0.6207,0.44,0.7731,0.4051,0.3387,0.4752,0.5982,0.5329,0.6602,0.5129,0.4167,0.5968,0.0258,-0.1667,0.1936,0.0654,0.5905,0.6651
natural_name_v1_unconstrained,gemma4:e2b,gemma4,5.1,name,natural,full,1,False,decidable_core,250,74,0,0,206,21,13,111,0.619,0.4088,0.7925,0.4,0.3321,0.4719,0.6019,0.5338,0.6663,0.5095,0.3991,0.6034,0.019,-0.2019,0.2068,0.0413,0.5271,0.6757
natural_name_v1_unconstrained,gemma4:12b,gemma4,11.9,name,natural,full,1,False,adjudicated,250,1,0,0,224,29,2,21,0.069,0.0191,0.2196,0.8923,0.841,0.9285,0.1027,0.0694,0.1494,0.4806,0.4449,0.5581,-0.0387,-0.1103,0.1162,0.0654,0.0049,0.102
natural_name_v1_unconstrained,gemma4:12b,gemma4,11.9,name,natural,full,1,False,decidable_core,250,1,0,0,206,21,2,19,0.0952,0.0265,0.2891,0.8973,0.8452,0.9333,0.1019,0.0676,0.1508,0.4963,0.4531,0.5949,-0.0075,-0.0937,0.1897,0.0413,0.0084,0.0905
natural_name_v1_unconstrained,phi4:latest,phi4,14.7,name,natural,full,1,False,adjudicated,250,134,0,0,224,29,4,10,0.1379,0.055,0.3056,0.9487,0.9082,0.9719,0.0625,0.0376,0.1022,0.5433,0.4972,0.628,0.0866,-0.0057,0.2559,0.0654,0.1119,0.1013
natural_name_v1_unconstrained,phi4:latest,phi4,14.7,name,natural,full,1,False,decidable_core,250,134,0,0,206,21,3,9,0.1429,0.0498,0.3464,0.9514,0.9101,0.9742,0.0583,0.0336,0.099,0.5471,0.4962,0.6495,0.0942,-0.0076,0.299,0.0413,0.1647,0.1045
natural_name_v1_unconstrained,gemma4:e4b,gemma4,8.0,name,natural,full,1,False,adjudicated,250,2,0,0,224,29,20,93,0.6897,0.5077,0.8272,0.5231,0.4532,0.5921,0.5045,0.4395,0.5693,0.6064,0.5089,0.6833,0.2127,0.0178,0.3666,0.0654,0.6681,0.4274
natural_name_v1_unconstrained,gemma4:e4b,gemma4,8.0,name,natural,full,1,False,decidable_core,250,2,0,0,206,21,15,89,0.7143,0.5004,0.8619,0.5189,0.4473,0.5898,0.5049,0.4371,0.5724,0.6166,0.5038,0.6985,0.2332,0.0077,0.3969,0.0413,0.5035,0.3965
