run,model,scored_set,group,items,positives,true_positive,false_positive,recall,recall_low,recall_high,specificity,specificity_low,specificity_high,flag_rate,flag_rate_low,flag_rate_high,balanced_accuracy,balanced_accuracy_low,balanced_accuracy_high,youdens_j,youdens_j_low,youdens_j_high
injected_detect_v1,openbmb/minicpm5:q4_K_M,all,M1,600,300,54,48,0.18,0.1407,0.2274,0.84,0.7943,0.8771,0.17,0.1421,0.2021,0.51,0.4798,0.5401,0.02,-0.0403,0.0802
injected_detect_v1,openbmb/minicpm5:q4_K_M,all,M2,200,100,27,28,0.27,0.1927,0.3643,0.72,0.6251,0.7986,0.275,0.2178,0.3407,0.495,0.4338,0.5564,-0.01,-0.1324,0.1128
injected_detect_v1,openbmb/minicpm5:q4_K_M,all,M3,200,100,16,15,0.16,0.101,0.2442,0.85,0.7672,0.9069,0.155,0.1114,0.2116,0.505,0.4541,0.5558,0.01,-0.0917,0.1116
injected_detect_v1,openbmb/minicpm5:q4_K_M,all,S1,200,100,16,23,0.16,0.101,0.2442,0.77,0.6785,0.8416,0.195,0.1461,0.2554,0.465,0.4105,0.5203,-0.07,-0.1789,0.0405
injected_detect_v1,openbmb/minicpm5:q4_K_M,all,S2,200,100,25,13,0.25,0.1755,0.343,0.87,0.7902,0.9224,0.19,0.1417,0.25,0.56,0.5054,0.6134,0.12,0.0108,0.2268
injected_detect_v1,openbmb/minicpm5:q4_K_M,all,S3,200,100,22,29,0.22,0.15,0.3107,0.71,0.6146,0.7899,0.255,0.1996,0.3196,0.465,0.4058,0.5254,-0.07,-0.1883,0.0508
injected_detect_v1,openbmb/minicpm5:q4_K_M,all,S4,200,100,20,20,0.2,0.1334,0.2888,0.8,0.7112,0.8666,0.2,0.1505,0.2609,0.5,0.4445,0.5555,0.0,-0.111,0.111
injected_detect_v1,qwen3.5:2b-q4_K_M,all,M1,600,300,239,219,0.7967,0.7475,0.8383,0.27,0.2229,0.3229,0.7633,0.7277,0.7956,0.5333,0.4993,0.567,0.0667,-0.0014,0.134
injected_detect_v1,qwen3.5:2b-q4_K_M,all,M2,200,100,57,55,0.57,0.4722,0.6627,0.45,0.3561,0.5476,0.56,0.4907,0.627,0.51,0.4422,0.5773,0.02,-0.1156,0.1546
injected_detect_v1,qwen3.5:2b-q4_K_M,all,M3,200,100,39,46,0.39,0.3002,0.488,0.54,0.4426,0.6344,0.425,0.3585,0.4943,0.465,0.3988,0.533,-0.07,-0.2025,0.066
injected_detect_v1,qwen3.5:2b-q4_K_M,all,S1,200,100,86,67,0.86,0.7786,0.9147,0.33,0.2456,0.4269,0.765,0.7016,0.8184,0.595,0.5364,0.6507,0.19,0.0728,0.3013
injected_detect_v1,qwen3.5:2b-q4_K_M,all,S2,200,100,75,71,0.75,0.657,0.8245,0.29,0.2101,0.3854,0.73,0.6646,0.7868,0.52,0.4587,0.5805,0.04,-0.0826,0.1611
injected_detect_v1,qwen3.5:2b-q4_K_M,all,S3,200,100,82,54,0.82,0.7333,0.883,0.46,0.3656,0.5574,0.68,0.6125,0.7407,0.64,0.5759,0.698,0.28,0.1519,0.396
injected_detect_v1,qwen3.5:2b-q4_K_M,all,S4,200,100,84,76,0.84,0.7558,0.899,0.24,0.1669,0.3323,0.8,0.7391,0.8495,0.54,0.4843,0.5948,0.08,-0.0315,0.1896
injected_detect_v1,granite4.1:3b,all,M1,600,300,189,125,0.63,0.574,0.6827,0.5833,0.5268,0.6377,0.5233,0.4833,0.563,0.6067,0.5669,0.6445,0.2133,0.1338,0.289
injected_detect_v1,granite4.1:3b,all,M2,200,100,9,8,0.09,0.0481,0.1623,0.92,0.85,0.9589,0.085,0.0537,0.1319,0.505,0.4642,0.546,0.01,-0.0716,0.0921
injected_detect_v1,granite4.1:3b,all,M3,200,100,0,16,0.0,0.0,0.037,0.84,0.7558,0.899,0.08,0.0498,0.126,0.42,0.3779,0.4548,-0.16,-0.2442,-0.0903
injected_detect_v1,granite4.1:3b,all,S1,200,100,21,14,0.21,0.1417,0.2998,0.86,0.7786,0.9147,0.175,0.1286,0.2336,0.535,0.4819,0.5876,0.07,-0.0363,0.1752
injected_detect_v1,granite4.1:3b,all,S2,200,100,32,25,0.32,0.2367,0.4166,0.75,0.657,0.8245,0.285,0.227,0.3512,0.535,0.4726,0.596,0.07,-0.0549,0.192
injected_detect_v1,granite4.1:3b,all,S3,200,100,17,6,0.17,0.1089,0.2555,0.94,0.8752,0.9722,0.115,0.0779,0.1666,0.555,0.5105,0.6007,0.11,0.021,0.2013
injected_detect_v1,granite4.1:3b,all,S4,200,100,43,35,0.43,0.3373,0.5278,0.65,0.5525,0.7364,0.39,0.3251,0.4591,0.54,0.4728,0.6053,0.08,-0.0545,0.2105
injected_detect_v1,phi4-mini:latest,all,M1,600,300,43,26,0.1433,0.1082,0.1875,0.9133,0.876,0.9402,0.115,0.0919,0.143,0.5283,0.5027,0.5542,0.0567,0.0054,0.1083
injected_detect_v1,phi4-mini:latest,all,M2,200,100,14,13,0.14,0.0853,0.2214,0.87,0.7902,0.9224,0.135,0.0945,0.1893,0.505,0.4566,0.5534,0.01,-0.0868,0.1068
injected_detect_v1,phi4-mini:latest,all,M3,200,100,14,11,0.14,0.0853,0.2214,0.89,0.8137,0.9375,0.125,0.0861,0.178,0.515,0.468,0.5621,0.03,-0.0639,0.1242
injected_detect_v1,phi4-mini:latest,all,S1,200,100,16,16,0.16,0.101,0.2442,0.84,0.7558,0.899,0.16,0.1157,0.2171,0.5,0.4486,0.5514,0.0,-0.1028,0.1028
injected_detect_v1,phi4-mini:latest,all,S2,200,100,39,19,0.39,0.3002,0.488,0.81,0.7222,0.8749,0.29,0.2315,0.3564,0.6,0.5372,0.6587,0.2,0.0744,0.3175
injected_detect_v1,phi4-mini:latest,all,S3,200,100,37,15,0.37,0.2818,0.4678,0.85,0.7672,0.9069,0.26,0.2041,0.3249,0.61,0.5495,0.6666,0.22,0.099,0.3332
injected_detect_v1,phi4-mini:latest,all,S4,200,100,36,20,0.36,0.2727,0.4576,0.8,0.7112,0.8666,0.28,0.2224,0.3459,0.58,0.5177,0.6391,0.16,0.0355,0.2782
injected_detect_v1,qwen3.5:4b,all,M1,600,300,200,163,0.6667,0.6115,0.7176,0.4567,0.4012,0.5132,0.605,0.5653,0.6433,0.5617,0.5226,0.5997,0.1233,0.0451,0.1995
injected_detect_v1,qwen3.5:4b,all,M2,200,100,41,23,0.41,0.3187,0.508,0.77,0.6785,0.8416,0.32,0.2593,0.3875,0.59,0.5253,0.6507,0.18,0.0507,0.3013
injected_detect_v1,qwen3.5:4b,all,M3,200,100,25,20,0.25,0.1755,0.343,0.8,0.7112,0.8666,0.225,0.1726,0.2877,0.525,0.467,0.5822,0.05,-0.066,0.1644
injected_detect_v1,qwen3.5:4b,all,S1,200,100,88,32,0.88,0.8019,0.93,0.68,0.5834,0.7633,0.6,0.5308,0.6654,0.78,0.7179,0.8286,0.56,0.4357,0.6572
injected_detect_v1,qwen3.5:4b,all,S2,200,100,72,44,0.72,0.6251,0.7986,0.56,0.4623,0.6533,0.58,0.5107,0.6463,0.64,0.5719,0.701,0.28,0.1438,0.402
injected_detect_v1,qwen3.5:4b,all,S3,200,100,86,29,0.86,0.7786,0.9147,0.71,0.6146,0.7899,0.575,0.5057,0.6415,0.785,0.7223,0.8334,0.57,0.4446,0.6668
injected_detect_v1,qwen3.5:4b,all,S4,200,100,92,60,0.92,0.85,0.9589,0.4,0.3094,0.498,0.76,0.6963,0.8139,0.66,0.6028,0.7127,0.32,0.2055,0.4254
injected_detect_v1,llama3.1:8b,all,M1,600,300,0,0,0.0,0.0,0.0126,1.0,0.9874,1.0,0.0,0.0,0.0064,0.5,0.4937,0.5063,0.0,-0.0126,0.0126
injected_detect_v1,llama3.1:8b,all,M2,200,100,0,0,0.0,0.0,0.037,1.0,0.963,1.0,0.0,0.0,0.0188,0.5,0.4815,0.5185,0.0,-0.037,0.037
injected_detect_v1,llama3.1:8b,all,M3,200,100,0,0,0.0,0.0,0.037,1.0,0.963,1.0,0.0,0.0,0.0188,0.5,0.4815,0.5185,0.0,-0.037,0.037
injected_detect_v1,llama3.1:8b,all,S1,200,100,0,0,0.0,0.0,0.037,1.0,0.963,1.0,0.0,0.0,0.0188,0.5,0.4815,0.5185,0.0,-0.037,0.037
injected_detect_v1,llama3.1:8b,all,S2,200,100,0,0,0.0,0.0,0.037,1.0,0.963,1.0,0.0,0.0,0.0188,0.5,0.4815,0.5185,0.0,-0.037,0.037
injected_detect_v1,llama3.1:8b,all,S3,200,100,0,0,0.0,0.0,0.037,1.0,0.963,1.0,0.0,0.0,0.0188,0.5,0.4815,0.5185,0.0,-0.037,0.037
injected_detect_v1,llama3.1:8b,all,S4,200,100,0,0,0.0,0.0,0.037,1.0,0.963,1.0,0.0,0.0,0.0188,0.5,0.4815,0.5185,0.0,-0.037,0.037
injected_detect_v1,granite4.1:8b,all,M1,600,300,19,9,0.0633,0.0409,0.0968,0.97,0.944,0.9841,0.0467,0.0325,0.0666,0.5167,0.4995,0.5348,0.0333,-0.001,0.0697
injected_detect_v1,granite4.1:8b,all,M2,200,100,2,3,0.02,0.0055,0.07,0.97,0.9155,0.9897,0.025,0.0107,0.0572,0.495,0.4668,0.5219,-0.01,-0.0664,0.0438
injected_detect_v1,granite4.1:8b,all,M3,200,100,4,2,0.04,0.0157,0.0984,0.98,0.93,0.9945,0.03,0.0138,0.0639,0.51,0.4822,0.5401,0.02,-0.0356,0.0801
injected_detect_v1,granite4.1:8b,all,S1,200,100,38,1,0.38,0.291,0.4779,0.99,0.9455,0.9982,0.195,0.1461,0.2554,0.685,0.6352,0.7341,0.37,0.2705,0.4682
injected_detect_v1,granite4.1:8b,all,S2,200,100,45,1,0.45,0.3561,0.5476,0.99,0.9455,0.9982,0.23,0.1771,0.2931,0.72,0.6681,0.769,0.44,0.3361,0.5379
injected_detect_v1,granite4.1:8b,all,S3,200,100,57,0,0.57,0.4722,0.6627,1.0,0.963,1.0,0.285,0.227,0.3512,0.785,0.7327,0.8313,0.57,0.4654,0.6627
injected_detect_v1,granite4.1:8b,all,S4,200,100,15,2,0.15,0.0931,0.2328,0.98,0.93,0.9945,0.085,0.0537,0.1319,0.565,0.5271,0.607,0.13,0.0542,0.2141
injected_detect_v1,qwen3.5:9b,all,M1,600,300,42,9,0.14,0.1053,0.1838,0.97,0.944,0.9841,0.085,0.0652,0.11,0.555,0.5333,0.578,0.11,0.0666,0.1561
injected_detect_v1,qwen3.5:9b,all,M2,200,100,0,0,0.0,0.0,0.037,1.0,0.963,1.0,0.0,0.0,0.0188,0.5,0.4815,0.5185,0.0,-0.037,0.037
injected_detect_v1,qwen3.5:9b,all,M3,200,100,0,0,0.0,0.0,0.037,1.0,0.963,1.0,0.0,0.0,0.0188,0.5,0.4815,0.5185,0.0,-0.037,0.037
injected_detect_v1,qwen3.5:9b,all,S1,200,100,1,0,0.01,0.0018,0.0545,1.0,0.963,1.0,0.005,0.0009,0.0278,0.505,0.4861,0.5272,0.01,-0.0279,0.0545
injected_detect_v1,qwen3.5:9b,all,S2,200,100,4,2,0.04,0.0157,0.0984,0.98,0.93,0.9945,0.03,0.0138,0.0639,0.51,0.4822,0.5401,0.02,-0.0356,0.0801
injected_detect_v1,qwen3.5:9b,all,S3,200,100,3,0,0.03,0.0103,0.0845,1.0,0.963,1.0,0.015,0.0051,0.0432,0.515,0.494,0.5423,0.03,-0.0119,0.0845
injected_detect_v1,qwen3.5:9b,all,S4,200,100,19,9,0.19,0.1251,0.2778,0.91,0.8377,0.9519,0.14,0.0987,0.1949,0.55,0.5015,0.5986,0.1,0.0029,0.1973
injected_detect_v1,gemma4:e2b,all,M1,600,300,5,5,0.0167,0.0071,0.0384,0.9833,0.9616,0.9929,0.0167,0.0091,0.0304,0.5,0.4881,0.5119,0.0,-0.0237,0.0237
injected_detect_v1,gemma4:e2b,all,M2,200,100,2,2,0.02,0.0055,0.07,0.98,0.93,0.9945,0.02,0.0078,0.0503,0.5,0.474,0.526,0.0,-0.0521,0.0521
injected_detect_v1,gemma4:e2b,all,M3,200,100,3,2,0.03,0.0103,0.0845,0.98,0.93,0.9945,0.025,0.0107,0.0572,0.505,0.4781,0.5332,0.01,-0.0438,0.0664
injected_detect_v1,gemma4:e2b,all,S1,200,100,40,0,0.4,0.3094,0.498,1.0,0.963,1.0,0.2,0.1505,0.2609,0.7,0.6511,0.749,0.4,0.3021,0.498
injected_detect_v1,gemma4:e2b,all,S2,200,100,7,0,0.07,0.0343,0.1375,1.0,0.963,1.0,0.035,0.0171,0.0705,0.535,0.5093,0.5687,0.07,0.0186,0.1375
injected_detect_v1,gemma4:e2b,all,S3,200,100,47,1,0.47,0.3751,0.5671,0.99,0.9455,0.9982,0.24,0.1861,0.3037,0.73,0.6776,0.7787,0.46,0.3552,0.5575
injected_detect_v1,gemma4:e2b,all,S4,200,100,6,4,0.06,0.0278,0.1248,0.96,0.9016,0.9843,0.05,0.0274,0.0896,0.51,0.4767,0.5446,0.02,-0.0467,0.0892
injected_detect_v1,gemma4:12b,all,M1,600,300,150,15,0.5,0.4438,0.5562,0.95,0.9192,0.9695,0.275,0.2408,0.3121,0.725,0.6929,0.7547,0.45,0.3859,0.5095
injected_detect_v1,gemma4:12b,all,M2,200,100,4,6,0.04,0.0157,0.0984,0.94,0.8752,0.9722,0.05,0.0274,0.0896,0.49,0.4554,0.5233,-0.02,-0.0892,0.0467
injected_detect_v1,gemma4:12b,all,M3,200,100,4,1,0.04,0.0157,0.0984,0.99,0.9455,0.9982,0.025,0.0107,0.0572,0.515,0.4896,0.5445,0.03,-0.0207,0.0889
injected_detect_v1,gemma4:12b,all,S1,200,100,12,1,0.12,0.07,0.1981,0.99,0.9455,0.9982,0.065,0.0384,0.108,0.555,0.5215,0.5943,0.11,0.0431,0.1886
injected_detect_v1,gemma4:12b,all,S2,200,100,48,4,0.48,0.3846,0.5768,0.96,0.9016,0.9843,0.26,0.2041,0.3249,0.72,0.6641,0.7699,0.44,0.3282,0.5398
injected_detect_v1,gemma4:12b,all,S3,200,100,32,1,0.32,0.2367,0.4166,0.99,0.9455,0.9982,0.165,0.12,0.2227,0.655,0.6078,0.7035,0.31,0.2156,0.407
injected_detect_v1,gemma4:12b,all,S4,200,100,15,3,0.15,0.0931,0.2328,0.97,0.9155,0.9897,0.09,0.0577,0.1378,0.56,0.5206,0.6026,0.12,0.0412,0.2052
injected_detect_v1,phi4:latest,all,M1,600,300,45,3,0.15,0.114,0.1948,0.99,0.971,0.9966,0.08,0.0609,0.1045,0.57,0.5497,0.5927,0.14,0.0993,0.1853
injected_detect_v1,phi4:latest,all,M2,200,100,2,3,0.02,0.0055,0.07,0.97,0.9155,0.9897,0.025,0.0107,0.0572,0.495,0.4668,0.5219,-0.01,-0.0664,0.0438
injected_detect_v1,phi4:latest,all,M3,200,100,3,2,0.03,0.0103,0.0845,0.98,0.93,0.9945,0.025,0.0107,0.0572,0.505,0.4781,0.5332,0.01,-0.0438,0.0664
injected_detect_v1,phi4:latest,all,S1,200,100,28,1,0.28,0.2014,0.3749,0.99,0.9455,0.9982,0.145,0.1029,0.2005,0.635,0.5898,0.6826,0.27,0.1797,0.3652
injected_detect_v1,phi4:latest,all,S2,200,100,34,2,0.34,0.2546,0.4372,0.98,0.93,0.9945,0.18,0.1329,0.2391,0.66,0.6105,0.7091,0.32,0.221,0.4183
injected_detect_v1,phi4:latest,all,S3,200,100,68,1,0.68,0.5834,0.7633,0.99,0.9455,0.9982,0.345,0.2826,0.4132,0.835,0.7818,0.8769,0.67,0.5636,0.7537
injected_detect_v1,phi4:latest,all,S4,200,100,13,4,0.13,0.0776,0.2098,0.96,0.9016,0.9843,0.085,0.0537,0.1319,0.545,0.5058,0.5867,0.09,0.0115,0.1734
injected_detect_v1,gemma4:e4b,all,M1,600,300,49,19,0.1633,0.1258,0.2094,0.9367,0.9032,0.9591,0.1133,0.0904,0.1412,0.55,0.5249,0.5756,0.1,0.0497,0.1512
injected_detect_v1,gemma4:e4b,all,M2,200,100,17,0,0.17,0.1089,0.2555,1.0,0.963,1.0,0.085,0.0537,0.1319,0.585,0.5493,0.6277,0.17,0.0986,0.2555
injected_detect_v1,gemma4:e4b,all,M3,200,100,3,1,0.03,0.0103,0.0845,0.99,0.9455,0.9982,0.02,0.0078,0.0503,0.51,0.4857,0.5376,0.02,-0.0287,0.0751
injected_detect_v1,gemma4:e4b,all,S1,200,100,38,4,0.38,0.291,0.4779,0.96,0.9016,0.9843,0.21,0.1593,0.2716,0.67,0.6168,0.7204,0.34,0.2335,0.4409
injected_detect_v1,gemma4:e4b,all,S2,200,100,75,9,0.75,0.657,0.8245,0.91,0.8377,0.9519,0.42,0.3537,0.4893,0.83,0.7711,0.8728,0.66,0.5422,0.7455
injected_detect_v1,gemma4:e4b,all,S3,200,100,64,3,0.64,0.5424,0.7273,0.97,0.9155,0.9897,0.335,0.2732,0.403,0.805,0.7491,0.8497,0.61,0.4982,0.6995
injected_detect_v1,gemma4:e4b,all,S4,200,100,33,6,0.33,0.2456,0.4269,0.94,0.8752,0.9722,0.195,0.1461,0.2554,0.635,0.5818,0.6861,0.27,0.1636,0.3722
injected_detect_v2,openbmb/minicpm5:q4_K_M,all,M1,600,300,0,0,0.0,0.0,0.0126,1.0,0.9874,1.0,0.0,0.0,0.0064,0.5,0.4937,0.5063,0.0,-0.0126,0.0126
injected_detect_v2,openbmb/minicpm5:q4_K_M,all,M2,200,100,0,0,0.0,0.0,0.037,1.0,0.963,1.0,0.0,0.0,0.0188,0.5,0.4815,0.5185,0.0,-0.037,0.037
injected_detect_v2,openbmb/minicpm5:q4_K_M,all,M3,200,100,0,0,0.0,0.0,0.037,1.0,0.963,1.0,0.0,0.0,0.0188,0.5,0.4815,0.5185,0.0,-0.037,0.037
injected_detect_v2,openbmb/minicpm5:q4_K_M,all,S1,200,100,0,0,0.0,0.0,0.037,1.0,0.963,1.0,0.0,0.0,0.0188,0.5,0.4815,0.5185,0.0,-0.037,0.037
injected_detect_v2,openbmb/minicpm5:q4_K_M,all,S2,200,100,0,0,0.0,0.0,0.037,1.0,0.963,1.0,0.0,0.0,0.0188,0.5,0.4815,0.5185,0.0,-0.037,0.037
injected_detect_v2,openbmb/minicpm5:q4_K_M,all,S3,200,100,0,0,0.0,0.0,0.037,1.0,0.963,1.0,0.0,0.0,0.0188,0.5,0.4815,0.5185,0.0,-0.037,0.037
injected_detect_v2,openbmb/minicpm5:q4_K_M,all,S4,200,100,0,0,0.0,0.0,0.037,1.0,0.963,1.0,0.0,0.0,0.0188,0.5,0.4815,0.5185,0.0,-0.037,0.037
injected_detect_v2,qwen3.5:2b-q4_K_M,all,M1,600,300,288,282,0.96,0.9314,0.977,0.06,0.0383,0.0928,0.95,0.9295,0.9648,0.51,0.492,0.5285,0.02,-0.0159,0.057
injected_detect_v2,qwen3.5:2b-q4_K_M,all,M2,200,100,85,81,0.85,0.7672,0.9069,0.19,0.1251,0.2778,0.83,0.7718,0.8757,0.52,0.4674,0.5723,0.04,-0.0652,0.1446
injected_detect_v2,qwen3.5:2b-q4_K_M,all,M3,200,100,80,82,0.8,0.7112,0.8666,0.18,0.117,0.2667,0.81,0.75,0.8583,0.49,0.4355,0.5447,-0.02,-0.1289,0.0893
injected_detect_v2,qwen3.5:2b-q4_K_M,all,S1,200,100,97,94,0.97,0.9155,0.9897,0.06,0.0278,0.1248,0.955,0.9167,0.9761,0.515,0.4833,0.5489,0.03,-0.0333,0.0977
injected_detect_v2,qwen3.5:2b-q4_K_M,all,S2,200,100,96,92,0.96,0.9016,0.9843,0.08,0.0411,0.15,0.94,0.8981,0.9653,0.52,0.4849,0.557,0.04,-0.0301,0.1141
injected_detect_v2,qwen3.5:2b-q4_K_M,all,S3,200,100,91,82,0.91,0.8377,0.9519,0.18,0.117,0.2667,0.865,0.8107,0.9055,0.545,0.4971,0.5931,0.09,-0.0059,0.1863
injected_detect_v2,qwen3.5:2b-q4_K_M,all,S4,200,100,99,93,0.99,0.9455,0.9982,0.07,0.0343,0.1375,0.96,0.9231,0.9796,0.53,0.5015,0.564,0.06,0.003,0.128
injected_detect_v2,granite4.1:3b,all,M1,600,300,203,133,0.6767,0.6218,0.7271,0.5567,0.5001,0.6118,0.56,0.52,0.5992,0.6167,0.5773,0.654,0.2333,0.1545,0.308
injected_detect_v2,granite4.1:3b,all,M2,200,100,11,9,0.11,0.0625,0.1863,0.91,0.8377,0.9519,0.1,0.0657,0.1494,0.51,0.4668,0.5535,0.02,-0.0665,0.1071
injected_detect_v2,granite4.1:3b,all,M3,200,100,29,32,0.29,0.2101,0.3854,0.68,0.5834,0.7633,0.305,0.2454,0.372,0.485,0.4223,0.5483,-0.03,-0.1554,0.0966
injected_detect_v2,granite4.1:3b,all,S1,200,100,27,9,0.27,0.1927,0.3643,0.91,0.8377,0.9519,0.18,0.1329,0.2391,0.59,0.5371,0.6416,0.18,0.0742,0.2832
injected_detect_v2,granite4.1:3b,all,S2,200,100,43,27,0.43,0.3373,0.5278,0.73,0.6357,0.8073,0.35,0.2873,0.4184,0.58,0.5139,0.6423,0.16,0.0278,0.2847
injected_detect_v2,granite4.1:3b,all,S3,200,100,24,5,0.24,0.1669,0.3323,0.95,0.8882,0.9785,0.145,0.1029,0.2005,0.595,0.5472,0.6433,0.19,0.0943,0.2866
injected_detect_v2,granite4.1:3b,all,S4,200,100,57,37,0.57,0.4722,0.6627,0.63,0.5322,0.7182,0.47,0.402,0.5391,0.6,0.5308,0.664,0.2,0.0617,0.3279
injected_detect_v2,phi4-mini:latest,all,M1,600,300,15,9,0.05,0.0305,0.0808,0.97,0.944,0.9841,0.04,0.027,0.0588,0.51,0.4938,0.527,0.02,-0.0125,0.0539
injected_detect_v2,phi4-mini:latest,all,M2,200,100,5,2,0.05,0.0215,0.1118,0.98,0.93,0.9945,0.035,0.0171,0.0705,0.515,0.4862,0.5467,0.03,-0.0275,0.0934
injected_detect_v2,phi4-mini:latest,all,M3,200,100,0,0,0.0,0.0,0.037,1.0,0.963,1.0,0.0,0.0,0.0188,0.5,0.4815,0.5185,0.0,-0.037,0.037
injected_detect_v2,phi4-mini:latest,all,S1,200,100,3,1,0.03,0.0103,0.0845,0.99,0.9455,0.9982,0.02,0.0078,0.0503,0.51,0.4857,0.5376,0.02,-0.0287,0.0751
injected_detect_v2,phi4-mini:latest,all,S2,200,100,14,6,0.14,0.0853,0.2214,0.94,0.8752,0.9722,0.1,0.0657,0.1494,0.54,0.4976,0.5838,0.08,-0.0048,0.1675
injected_detect_v2,phi4-mini:latest,all,S3,200,100,10,2,0.1,0.0552,0.1744,0.98,0.93,0.9945,0.06,0.0347,0.1019,0.54,0.5064,0.5779,0.08,0.0129,0.1558
injected_detect_v2,phi4-mini:latest,all,S4,200,100,12,4,0.12,0.07,0.1981,0.96,0.9016,0.9843,0.08,0.0498,0.126,0.54,0.5016,0.5809,0.08,0.0031,0.1618
injected_detect_v2,qwen3.5:4b,all,M1,600,300,111,60,0.37,0.3173,0.426,0.8,0.7511,0.8413,0.285,0.2503,0.3224,0.585,0.5491,0.6198,0.17,0.0981,0.2396
injected_detect_v2,qwen3.5:4b,all,M2,200,100,18,11,0.18,0.117,0.2667,0.89,0.8137,0.9375,0.145,0.1029,0.2005,0.535,0.4855,0.5844,0.07,-0.029,0.1688
injected_detect_v2,qwen3.5:4b,all,M3,200,100,2,6,0.02,0.0055,0.07,0.94,0.8752,0.9722,0.04,0.0204,0.0769,0.48,0.4468,0.5097,-0.04,-0.1064,0.0195
injected_detect_v2,qwen3.5:4b,all,S1,200,100,66,23,0.66,0.5628,0.7454,0.77,0.6785,0.8416,0.445,0.3778,0.5143,0.715,0.6482,0.7707,0.43,0.2965,0.5414
injected_detect_v2,qwen3.5:4b,all,S2,200,100,36,14,0.36,0.2727,0.4576,0.86,0.7786,0.9147,0.25,0.1951,0.3143,0.61,0.5503,0.666,0.22,0.1007,0.3319
injected_detect_v2,qwen3.5:4b,all,S3,200,100,80,7,0.8,0.7112,0.8666,0.93,0.8625,0.9657,0.435,0.3682,0.5043,0.865,0.8092,0.9028,0.73,0.6184,0.8056
injected_detect_v2,qwen3.5:4b,all,S4,200,100,88,42,0.88,0.8019,0.93,0.58,0.4821,0.672,0.65,0.5816,0.7127,0.73,0.6674,0.7824,0.46,0.3347,0.5647
injected_detect_v2,llama3.1:8b,all,M1,600,300,0,0,0.0,0.0,0.0126,1.0,0.9874,1.0,0.0,0.0,0.0064,0.5,0.4937,0.5063,0.0,-0.0126,0.0126
injected_detect_v2,llama3.1:8b,all,M2,200,100,0,0,0.0,0.0,0.037,1.0,0.963,1.0,0.0,0.0,0.0188,0.5,0.4815,0.5185,0.0,-0.037,0.037
injected_detect_v2,llama3.1:8b,all,M3,200,100,0,0,0.0,0.0,0.037,1.0,0.963,1.0,0.0,0.0,0.0188,0.5,0.4815,0.5185,0.0,-0.037,0.037
injected_detect_v2,llama3.1:8b,all,S1,200,100,0,0,0.0,0.0,0.037,1.0,0.963,1.0,0.0,0.0,0.0188,0.5,0.4815,0.5185,0.0,-0.037,0.037
injected_detect_v2,llama3.1:8b,all,S2,200,100,0,0,0.0,0.0,0.037,1.0,0.963,1.0,0.0,0.0,0.0188,0.5,0.4815,0.5185,0.0,-0.037,0.037
injected_detect_v2,llama3.1:8b,all,S3,200,100,0,0,0.0,0.0,0.037,1.0,0.963,1.0,0.0,0.0,0.0188,0.5,0.4815,0.5185,0.0,-0.037,0.037
injected_detect_v2,llama3.1:8b,all,S4,200,100,0,0,0.0,0.0,0.037,1.0,0.963,1.0,0.0,0.0,0.0188,0.5,0.4815,0.5185,0.0,-0.037,0.037
injected_detect_v2,granite4.1:8b,all,M1,600,300,8,1,0.0267,0.0136,0.0517,0.9967,0.9814,0.9994,0.015,0.0079,0.0283,0.5117,0.5016,0.5243,0.0233,0.0032,0.0485
injected_detect_v2,granite4.1:8b,all,M2,200,100,1,1,0.01,0.0018,0.0545,0.99,0.9455,0.9982,0.01,0.0027,0.0357,0.5,0.4774,0.5226,0.0,-0.0452,0.0452
injected_detect_v2,granite4.1:8b,all,M3,200,100,1,1,0.01,0.0018,0.0545,0.99,0.9455,0.9982,0.01,0.0027,0.0357,0.5,0.4774,0.5226,0.0,-0.0452,0.0452
injected_detect_v2,granite4.1:8b,all,S1,200,100,24,1,0.24,0.1669,0.3323,0.99,0.9455,0.9982,0.125,0.0861,0.178,0.615,0.5722,0.6613,0.23,0.1444,0.3227
injected_detect_v2,granite4.1:8b,all,S2,200,100,45,0,0.45,0.3561,0.5476,1.0,0.963,1.0,0.225,0.1726,0.2877,0.725,0.6746,0.7738,0.45,0.3491,0.5476
injected_detect_v2,granite4.1:8b,all,S3,200,100,46,0,0.46,0.3656,0.5574,1.0,0.963,1.0,0.23,0.1771,0.2931,0.73,0.6793,0.7787,0.46,0.3586,0.5574
injected_detect_v2,granite4.1:8b,all,S4,200,100,15,1,0.15,0.0931,0.2328,0.99,0.9455,0.9982,0.08,0.0498,0.126,0.57,0.5339,0.6116,0.14,0.0677,0.2232
injected_detect_v2,qwen3.5:9b,all,M1,600,300,18,5,0.06,0.0383,0.0928,0.9833,0.9616,0.9929,0.0383,0.0257,0.0569,0.5217,0.5063,0.5388,0.0433,0.0126,0.0775
injected_detect_v2,qwen3.5:9b,all,M2,200,100,0,0,0.0,0.0,0.037,1.0,0.963,1.0,0.0,0.0,0.0188,0.5,0.4815,0.5185,0.0,-0.037,0.037
injected_detect_v2,qwen3.5:9b,all,M3,200,100,0,0,0.0,0.0,0.037,1.0,0.963,1.0,0.0,0.0,0.0188,0.5,0.4815,0.5185,0.0,-0.037,0.037
injected_detect_v2,qwen3.5:9b,all,S1,200,100,3,1,0.03,0.0103,0.0845,0.99,0.9455,0.9982,0.02,0.0078,0.0503,0.51,0.4857,0.5376,0.02,-0.0287,0.0751
injected_detect_v2,qwen3.5:9b,all,S2,200,100,4,1,0.04,0.0157,0.0984,0.99,0.9455,0.9982,0.025,0.0107,0.0572,0.515,0.4896,0.5445,0.03,-0.0207,0.0889
injected_detect_v2,qwen3.5:9b,all,S3,200,100,27,0,0.27,0.1927,0.3643,1.0,0.963,1.0,0.135,0.0945,0.1893,0.635,0.5922,0.6822,0.27,0.1843,0.3643
injected_detect_v2,qwen3.5:9b,all,S4,200,100,25,6,0.25,0.1755,0.343,0.94,0.8752,0.9722,0.155,0.1114,0.2116,0.595,0.5456,0.6442,0.19,0.0912,0.2885
injected_detect_v2,gemma4:e2b,all,M1,600,300,11,7,0.0367,0.0206,0.0645,0.9767,0.9526,0.9887,0.03,0.0191,0.0469,0.5067,0.4922,0.5218,0.0133,-0.0156,0.0436
injected_detect_v2,gemma4:e2b,all,M2,200,100,1,0,0.01,0.0018,0.0545,1.0,0.963,1.0,0.005,0.0009,0.0278,0.505,0.4861,0.5272,0.01,-0.0279,0.0545
injected_detect_v2,gemma4:e2b,all,M3,200,100,5,3,0.05,0.0215,0.1118,0.97,0.9155,0.9897,0.04,0.0204,0.0769,0.51,0.4793,0.5424,0.02,-0.0415,0.0848
injected_detect_v2,gemma4:e2b,all,S1,200,100,46,1,0.46,0.3656,0.5574,0.99,0.9455,0.9982,0.235,0.1816,0.2984,0.725,0.6728,0.7738,0.45,0.3457,0.5477
injected_detect_v2,gemma4:e2b,all,S2,200,100,21,1,0.21,0.1417,0.2998,0.99,0.9455,0.9982,0.11,0.0738,0.1609,0.6,0.5592,0.6451,0.2,0.1185,0.2902
injected_detect_v2,gemma4:e2b,all,S3,200,100,58,3,0.58,0.4821,0.672,0.97,0.9155,0.9897,0.305,0.2454,0.372,0.775,0.719,0.8221,0.55,0.4379,0.6441
injected_detect_v2,gemma4:e2b,all,S4,200,100,6,5,0.06,0.0278,0.1248,0.95,0.8882,0.9785,0.055,0.031,0.0958,0.505,0.4702,0.5404,0.01,-0.0596,0.0807
injected_detect_v2,gemma4:12b,all,M1,600,300,141,11,0.47,0.4143,0.5265,0.9633,0.9355,0.9794,0.2533,0.2202,0.2896,0.7167,0.6855,0.746,0.4333,0.3711,0.4921
injected_detect_v2,gemma4:12b,all,M2,200,100,3,3,0.03,0.0103,0.0845,0.97,0.9155,0.9897,0.03,0.0138,0.0639,0.5,0.471,0.529,0.0,-0.058,0.058
injected_detect_v2,gemma4:12b,all,M3,200,100,2,0,0.02,0.0055,0.07,1.0,0.963,1.0,0.01,0.0027,0.0357,0.51,0.4901,0.535,0.02,-0.0197,0.07
injected_detect_v2,gemma4:12b,all,S1,200,100,16,0,0.16,0.101,0.2442,1.0,0.963,1.0,0.08,0.0498,0.126,0.58,0.5452,0.6221,0.16,0.0903,0.2442
injected_detect_v2,gemma4:12b,all,S2,200,100,47,4,0.47,0.3751,0.5671,0.96,0.9016,0.9843,0.255,0.1996,0.3196,0.715,0.6593,0.7651,0.43,0.3186,0.5301
injected_detect_v2,gemma4:12b,all,S3,200,100,31,2,0.31,0.2278,0.4063,0.98,0.93,0.9945,0.165,0.12,0.2227,0.645,0.5969,0.6937,0.29,0.1938,0.3873
injected_detect_v2,gemma4:12b,all,S4,200,100,14,1,0.14,0.0853,0.2214,0.99,0.9455,0.9982,0.075,0.046,0.12,0.565,0.5297,0.6059,0.13,0.0595,0.2118
injected_detect_v2,phi4:latest,all,M1,600,300,25,2,0.0833,0.0571,0.1201,0.9933,0.976,0.9982,0.045,0.0311,0.0647,0.5383,0.5226,0.5569,0.0767,0.0452,0.1138
injected_detect_v2,phi4:latest,all,M2,200,100,2,1,0.02,0.0055,0.07,0.99,0.9455,0.9982,0.015,0.0051,0.0432,0.505,0.4816,0.5303,0.01,-0.0368,0.0607
injected_detect_v2,phi4:latest,all,M3,200,100,1,0,0.01,0.0018,0.0545,1.0,0.963,1.0,0.005,0.0009,0.0278,0.505,0.4861,0.5272,0.01,-0.0279,0.0545
injected_detect_v2,phi4:latest,all,S1,200,100,26,0,0.26,0.184,0.3537,1.0,0.963,1.0,0.13,0.0903,0.1837,0.63,0.5878,0.6769,0.26,0.1755,0.3537
injected_detect_v2,phi4:latest,all,S2,200,100,27,0,0.27,0.1927,0.3643,1.0,0.963,1.0,0.135,0.0945,0.1893,0.635,0.5922,0.6822,0.27,0.1843,0.3643
injected_detect_v2,phi4:latest,all,S3,200,100,67,0,0.67,0.5731,0.7544,1.0,0.963,1.0,0.335,0.2732,0.403,0.835,0.7831,0.8772,0.67,0.5662,0.7544
injected_detect_v2,phi4:latest,all,S4,200,100,1,2,0.01,0.0018,0.0545,0.98,0.93,0.9945,0.015,0.0051,0.0432,0.495,0.4697,0.5184,-0.01,-0.0607,0.0368
injected_detect_v2,gemma4:e4b,all,M1,600,300,58,23,0.1933,0.1526,0.2418,0.9233,0.8876,0.9484,0.135,0.11,0.1647,0.5583,0.5313,0.5856,0.1167,0.0625,0.1712
injected_detect_v2,gemma4:e4b,all,M2,200,100,23,2,0.23,0.1584,0.3215,0.98,0.93,0.9945,0.125,0.0861,0.178,0.605,0.5613,0.6513,0.21,0.1227,0.3027
injected_detect_v2,gemma4:e4b,all,M3,200,100,5,2,0.05,0.0215,0.1118,0.98,0.93,0.9945,0.035,0.0171,0.0705,0.515,0.4862,0.5467,0.03,-0.0275,0.0934
injected_detect_v2,gemma4:e4b,all,S1,200,100,49,6,0.49,0.3942,0.5865,0.94,0.8752,0.9722,0.275,0.2178,0.3407,0.715,0.6572,0.7659,0.43,0.3144,0.5318
injected_detect_v2,gemma4:e4b,all,S2,200,100,77,13,0.77,0.6785,0.8416,0.87,0.7902,0.9224,0.45,0.3826,0.5192,0.82,0.7593,0.8644,0.64,0.5186,0.7287
injected_detect_v2,gemma4:e4b,all,S3,200,100,75,5,0.75,0.657,0.8245,0.95,0.8882,0.9785,0.4,0.3346,0.4692,0.85,0.7942,0.8899,0.7,0.5883,0.7798
injected_detect_v2,gemma4:e4b,all,S4,200,100,30,4,0.3,0.2189,0.3958,0.96,0.9016,0.9843,0.17,0.1243,0.2282,0.63,0.5801,0.6794,0.26,0.1601,0.3589
m1_name_full_v1,openbmb/minicpm5:q4_K_M,all,M1,600,300,193,194,0.6433,0.5876,0.6954,0.3533,0.3014,0.409,0.645,0.6059,0.6823,0.4983,0.4603,0.5364,-0.0033,-0.0795,0.0729
m1_name_full_v1,qwen3.5:2b-q4_K_M,all,M1,600,300,298,297,0.9933,0.976,0.9982,0.01,0.0034,0.029,0.9917,0.9806,0.9964,0.5017,0.4924,0.5115,0.0033,-0.0152,0.0229
m1_name_full_v1,granite4.1:3b,all,M1,600,300,148,50,0.4933,0.4372,0.5496,0.8333,0.787,0.8712,0.33,0.2936,0.3686,0.6633,0.6269,0.6973,0.3267,0.2539,0.3945
m1_name_full_v1,phi4-mini:latest,all,M1,600,300,172,89,0.5733,0.5168,0.628,0.7033,0.6493,0.7522,0.435,0.3959,0.475,0.6383,0.5992,0.675,0.2767,0.1985,0.35
m1_name_full_v1,qwen3.5:4b,all,M1,600,300,272,138,0.9067,0.8684,0.9346,0.54,0.4835,0.5955,0.6833,0.645,0.7193,0.7233,0.6892,0.7544,0.4467,0.3784,0.5088
m1_name_full_v1,llama3.1:8b,all,M1,600,300,0,0,0.0,0.0,0.0126,1.0,0.9874,1.0,0.0,0.0,0.0064,0.5,0.4937,0.5063,0.0,-0.0126,0.0126
m1_name_full_v1,granite4.1:8b,all,M1,600,300,248,103,0.8267,0.7798,0.8653,0.6567,0.6013,0.7081,0.585,0.5452,0.6238,0.7417,0.7054,0.7738,0.4833,0.4107,0.5477
m1_name_full_v1,qwen3.5:9b,all,M1,600,300,222,40,0.74,0.6876,0.7864,0.8667,0.8235,0.9005,0.4367,0.3975,0.4766,0.8033,0.7694,0.832,0.6067,0.5388,0.6641
m1_name_full_v1,gemma4:e2b,all,M1,600,300,267,230,0.89,0.8495,0.9206,0.2333,0.189,0.2844,0.8283,0.7961,0.8564,0.5617,0.5317,0.5914,0.1233,0.0633,0.1828
m1_name_full_v1,gemma4:12b,all,M1,600,300,209,34,0.6967,0.6424,0.7459,0.8867,0.8458,0.9178,0.405,0.3664,0.4448,0.7917,0.7577,0.8208,0.5833,0.5154,0.6416
m1_name_full_v1,phi4:latest,all,M1,600,300,190,36,0.6333,0.5774,0.6859,0.88,0.8383,0.912,0.3767,0.3388,0.4161,0.7567,0.7218,0.7874,0.5133,0.4436,0.5749
m1_name_full_v1,gemma4:e4b,all,M1,600,300,281,140,0.9367,0.9032,0.9591,0.5333,0.4768,0.589,0.7017,0.6639,0.7369,0.735,0.7022,0.765,0.47,0.4043,0.53
m1_name_name_only_v1,openbmb/minicpm5:q4_K_M,all,M1,600,300,1,0,0.0033,0.0006,0.0186,1.0,0.9874,1.0,0.0017,0.0003,0.0094,0.5017,0.4952,0.5093,0.0033,-0.0096,0.0186
m1_name_name_only_v1,qwen3.5:2b-q4_K_M,all,M1,600,300,43,42,0.1433,0.1082,0.1875,0.86,0.8162,0.8947,0.1417,0.116,0.1719,0.5017,0.4736,0.5298,0.0033,-0.0529,0.0595
m1_name_name_only_v1,granite4.1:3b,all,M1,600,300,35,32,0.1167,0.0851,0.1579,0.8933,0.8533,0.9234,0.1117,0.0889,0.1394,0.505,0.4795,0.5305,0.01,-0.041,0.0611
m1_name_name_only_v1,phi4-mini:latest,all,M1,600,300,13,10,0.0433,0.0255,0.0727,0.9667,0.9397,0.9818,0.0383,0.0257,0.0569,0.505,0.4888,0.5215,0.01,-0.0223,0.043
m1_name_name_only_v1,qwen3.5:4b,all,M1,600,300,82,76,0.2733,0.226,0.3264,0.7467,0.6945,0.7926,0.2633,0.2297,0.3,0.51,0.4748,0.5451,0.02,-0.0504,0.0901
m1_name_name_only_v1,llama3.1:8b,all,M1,600,300,0,0,0.0,0.0,0.0126,1.0,0.9874,1.0,0.0,0.0,0.0064,0.5,0.4937,0.5063,0.0,-0.0126,0.0126
m1_name_name_only_v1,granite4.1:8b,all,M1,600,300,44,35,0.1467,0.1111,0.1912,0.8833,0.8421,0.9149,0.1317,0.1069,0.1611,0.515,0.4878,0.5423,0.03,-0.0245,0.0846
m1_name_name_only_v1,qwen3.5:9b,all,M1,600,300,8,8,0.0267,0.0136,0.0517,0.9733,0.9483,0.9864,0.0267,0.0165,0.0429,0.5,0.4859,0.5141,0.0,-0.0283,0.0283
m1_name_name_only_v1,gemma4:e2b,all,M1,600,300,266,258,0.8867,0.8458,0.9178,0.14,0.1053,0.1838,0.8733,0.8443,0.8976,0.5133,0.4865,0.5402,0.0267,-0.027,0.0804
m1_name_name_only_v1,gemma4:12b,all,M1,600,300,24,32,0.08,0.0543,0.1163,0.8933,0.8533,0.9234,0.0933,0.0726,0.1193,0.4867,0.4629,0.5102,-0.0267,-0.0742,0.0205
m1_name_name_only_v1,phi4:latest,all,M1,600,300,3,5,0.01,0.0034,0.029,0.9833,0.9616,0.9929,0.0133,0.0068,0.0261,0.4967,0.4853,0.5073,-0.0067,-0.0294,0.0146
m1_name_name_only_v1,gemma4:e4b,all,M1,600,300,151,136,0.5033,0.4471,0.5595,0.5467,0.4901,0.6021,0.4783,0.4386,0.5183,0.525,0.4851,0.5644,0.05,-0.0298,0.1289
m1_name_tags_only_v1,openbmb/minicpm5:q4_K_M,all,M1,600,300,152,150,0.5067,0.4504,0.5628,0.5,0.4438,0.5562,0.5033,0.4634,0.5432,0.5033,0.4636,0.5431,0.0067,-0.0729,0.0861
m1_name_tags_only_v1,qwen3.5:2b-q4_K_M,all,M1,600,300,182,168,0.6067,0.5504,0.6603,0.44,0.3849,0.4966,0.5833,0.5435,0.6221,0.5233,0.484,0.5623,0.0467,-0.0321,0.1246
m1_name_tags_only_v1,granite4.1:3b,all,M1,600,300,244,248,0.8133,0.7654,0.8534,0.1733,0.1347,0.2202,0.82,0.7873,0.8487,0.4933,0.4625,0.5242,-0.0133,-0.0749,0.0483
m1_name_tags_only_v1,phi4-mini:latest,all,M1,600,300,180,189,0.6,0.5436,0.6538,0.37,0.3173,0.426,0.615,0.5755,0.6531,0.485,0.4464,0.5238,-0.03,-0.1071,0.0476
m1_name_tags_only_v1,qwen3.5:4b,all,M1,600,300,116,114,0.3867,0.3333,0.4429,0.62,0.5639,0.6731,0.3833,0.3453,0.4229,0.5033,0.4646,0.542,0.0067,-0.0708,0.084
m1_name_tags_only_v1,llama3.1:8b,all,M1,600,300,0,0,0.0,0.0,0.0126,1.0,0.9874,1.0,0.0,0.0,0.0064,0.5,0.4937,0.5063,0.0,-0.0126,0.0126
m1_name_tags_only_v1,granite4.1:8b,all,M1,600,300,202,200,0.6733,0.6184,0.7239,0.3333,0.2824,0.3885,0.67,0.6314,0.7064,0.5033,0.4659,0.5408,0.0067,-0.0683,0.0815
m1_name_tags_only_v1,qwen3.5:9b,all,M1,600,300,89,96,0.2967,0.2478,0.3507,0.68,0.6252,0.7302,0.3083,0.2727,0.3464,0.4883,0.4516,0.5252,-0.0233,-0.0967,0.0504
m1_name_tags_only_v1,gemma4:e2b,all,M1,600,300,224,226,0.7467,0.6945,0.7926,0.2467,0.2013,0.2984,0.75,0.7138,0.783,0.4967,0.4621,0.5313,-0.0067,-0.0758,0.0625
m1_name_tags_only_v1,gemma4:12b,all,M1,600,300,187,205,0.6233,0.5673,0.6763,0.3167,0.2666,0.3713,0.6533,0.6144,0.6903,0.47,0.4324,0.5081,-0.06,-0.1351,0.0161
m1_name_tags_only_v1,phi4:latest,all,M1,600,300,208,210,0.6933,0.639,0.7428,0.3,0.2509,0.3541,0.6967,0.6587,0.7321,0.4967,0.4601,0.5333,-0.0067,-0.0799,0.0666
m1_name_tags_only_v1,gemma4:e4b,all,M1,600,300,278,273,0.9267,0.8915,0.9511,0.09,0.0626,0.1278,0.9183,0.8937,0.9377,0.5083,0.486,0.5308,0.0167,-0.0279,0.0616
m1_name_neither_v1,openbmb/minicpm5:q4_K_M,all,M1,600,300,0,0,0.0,0.0,0.0126,1.0,0.9874,1.0,0.0,0.0,0.0064,0.5,0.4937,0.5063,0.0,-0.0126,0.0126
m1_name_neither_v1,qwen3.5:2b-q4_K_M,all,M1,600,300,0,0,0.0,0.0,0.0126,1.0,0.9874,1.0,0.0,0.0,0.0064,0.5,0.4937,0.5063,0.0,-0.0126,0.0126
m1_name_neither_v1,granite4.1:3b,all,M1,600,300,50,59,0.1667,0.1288,0.213,0.8033,0.7546,0.8444,0.1817,0.1529,0.2145,0.485,0.4541,0.5159,-0.03,-0.0917,0.0319
m1_name_neither_v1,phi4-mini:latest,all,M1,600,300,25,25,0.0833,0.0571,0.1201,0.9167,0.8799,0.9429,0.0833,0.0638,0.1082,0.5,0.4774,0.5226,0.0,-0.0452,0.0452
m1_name_neither_v1,qwen3.5:4b,all,M1,600,300,0,0,0.0,0.0,0.0126,1.0,0.9874,1.0,0.0,0.0,0.0064,0.5,0.4937,0.5063,0.0,-0.0126,0.0126
m1_name_neither_v1,llama3.1:8b,all,M1,600,300,0,0,0.0,0.0,0.0126,1.0,0.9874,1.0,0.0,0.0,0.0064,0.5,0.4937,0.5063,0.0,-0.0126,0.0126
m1_name_neither_v1,granite4.1:8b,all,M1,600,300,152,150,0.5067,0.4504,0.5628,0.5,0.4438,0.5562,0.5033,0.4634,0.5432,0.5033,0.4636,0.5431,0.0067,-0.0729,0.0861
m1_name_neither_v1,qwen3.5:9b,all,M1,600,300,0,0,0.0,0.0,0.0126,1.0,0.9874,1.0,0.0,0.0,0.0064,0.5,0.4937,0.5063,0.0,-0.0126,0.0126
m1_name_neither_v1,gemma4:e2b,all,M1,600,300,299,300,0.9967,0.9814,0.9994,0.0,0.0,0.0126,0.9983,0.9906,0.9997,0.4983,0.4907,0.5048,-0.0033,-0.0186,0.0096
m1_name_neither_v1,gemma4:12b,all,M1,600,300,0,0,0.0,0.0,0.0126,1.0,0.9874,1.0,0.0,0.0,0.0064,0.5,0.4937,0.5063,0.0,-0.0126,0.0126
m1_name_neither_v1,phi4:latest,all,M1,600,300,0,0,0.0,0.0,0.0126,1.0,0.9874,1.0,0.0,0.0,0.0064,0.5,0.4937,0.5063,0.0,-0.0126,0.0126
m1_name_neither_v1,gemma4:e4b,all,M1,600,300,297,295,0.99,0.971,0.9966,0.0167,0.0071,0.0384,0.9867,0.9739,0.9932,0.5033,0.4927,0.5147,0.0067,-0.0146,0.0294
m1_name_name_only_held_v1,openbmb/minicpm5:q4_K_M,all,M1,600,300,3,1,0.01,0.0034,0.029,0.9967,0.9814,0.9994,0.0067,0.0026,0.017,0.5033,0.495,0.5129,0.0067,-0.01,0.0258
m1_name_name_only_held_v1,qwen3.5:2b-q4_K_M,all,M1,600,300,118,112,0.3933,0.3397,0.4496,0.6267,0.5707,0.6795,0.3833,0.3453,0.4229,0.51,0.4712,0.5486,0.02,-0.0575,0.0972
m1_name_name_only_held_v1,granite4.1:3b,all,M1,600,300,295,293,0.9833,0.9616,0.9929,0.0233,0.0113,0.0474,0.98,0.9654,0.9885,0.5033,0.4909,0.5163,0.0067,-0.0182,0.0325
m1_name_name_only_held_v1,phi4-mini:latest,all,M1,600,300,268,259,0.8933,0.8533,0.9234,0.1367,0.1024,0.1802,0.8783,0.8497,0.9021,0.515,0.4886,0.5414,0.03,-0.0227,0.0829
m1_name_name_only_held_v1,qwen3.5:4b,all,M1,600,300,60,52,0.2,0.1587,0.2489,0.8267,0.7798,0.8653,0.1867,0.1575,0.2198,0.5133,0.4821,0.5445,0.0267,-0.0358,0.089
m1_name_name_only_held_v1,llama3.1:8b,all,M1,600,300,0,0,0.0,0.0,0.0126,1.0,0.9874,1.0,0.0,0.0,0.0064,0.5,0.4937,0.5063,0.0,-0.0126,0.0126
m1_name_name_only_held_v1,granite4.1:8b,all,M1,600,300,163,131,0.5433,0.4868,0.5988,0.5633,0.5068,0.6183,0.49,0.4502,0.5299,0.5533,0.5133,0.5924,0.1067,0.0267,0.1848
m1_name_name_only_held_v1,qwen3.5:9b,all,M1,600,300,45,28,0.15,0.114,0.1948,0.9067,0.8684,0.9346,0.1217,0.0979,0.1503,0.5283,0.5021,0.5547,0.0567,0.0042,0.1095
m1_name_name_only_held_v1,gemma4:e2b,all,M1,600,300,300,300,1.0,0.9874,1.0,0.0,0.0,0.0126,1.0,0.9936,1.0,0.5,0.4937,0.5063,0.0,-0.0126,0.0126
m1_name_name_only_held_v1,gemma4:12b,all,M1,600,300,25,29,0.0833,0.0571,0.1201,0.9033,0.8646,0.9318,0.09,0.0696,0.1156,0.4933,0.4699,0.5166,-0.0133,-0.0601,0.0332
m1_name_name_only_held_v1,phi4:latest,all,M1,600,300,146,136,0.4867,0.4306,0.543,0.5467,0.4901,0.6021,0.47,0.4304,0.51,0.5167,0.4769,0.5562,0.0333,-0.0463,0.1124
m1_name_name_only_held_v1,gemma4:e4b,all,M1,600,300,161,140,0.5367,0.4801,0.5923,0.5333,0.4768,0.589,0.5017,0.4618,0.5415,0.535,0.495,0.5743,0.07,-0.0099,0.1487
m1_name_tags_only_held_v1,openbmb/minicpm5:q4_K_M,all,M1,600,300,156,151,0.52,0.4636,0.5759,0.4967,0.4405,0.5529,0.5117,0.4717,0.5515,0.5083,0.4685,0.548,0.0167,-0.063,0.096
m1_name_tags_only_held_v1,qwen3.5:2b-q4_K_M,all,M1,600,300,203,192,0.6767,0.6218,0.7271,0.36,0.3078,0.4158,0.6583,0.6195,0.6952,0.5183,0.4805,0.5559,0.0367,-0.0391,0.1118
m1_name_tags_only_held_v1,granite4.1:3b,all,M1,600,300,264,271,0.88,0.8383,0.912,0.0967,0.0682,0.1354,0.8917,0.8643,0.9141,0.4883,0.4631,0.5135,-0.0233,-0.0738,0.0269
m1_name_tags_only_held_v1,phi4-mini:latest,all,M1,600,300,199,209,0.6633,0.6081,0.7144,0.3033,0.2541,0.3576,0.68,0.6416,0.7161,0.4833,0.4463,0.5206,-0.0333,-0.1073,0.0412
m1_name_tags_only_held_v1,qwen3.5:4b,all,M1,600,300,154,147,0.5133,0.457,0.5694,0.51,0.4537,0.5661,0.5017,0.4618,0.5415,0.5117,0.4718,0.5513,0.0233,-0.0564,0.1026
m1_name_tags_only_held_v1,llama3.1:8b,all,M1,600,300,0,0,0.0,0.0,0.0126,1.0,0.9874,1.0,0.0,0.0,0.0064,0.5,0.4937,0.5063,0.0,-0.0126,0.0126
m1_name_tags_only_held_v1,granite4.1:8b,all,M1,600,300,257,252,0.8567,0.8125,0.8918,0.16,0.1229,0.2057,0.8483,0.8174,0.8748,0.5083,0.4795,0.5372,0.0167,-0.041,0.0744
m1_name_tags_only_held_v1,qwen3.5:9b,all,M1,600,300,111,120,0.37,0.3173,0.426,0.6,0.5436,0.6538,0.385,0.3469,0.4245,0.485,0.4464,0.5238,-0.03,-0.1071,0.0476
m1_name_tags_only_held_v1,gemma4:e2b,all,M1,600,300,251,257,0.8367,0.7906,0.8742,0.1433,0.1082,0.1875,0.8467,0.8156,0.8733,0.49,0.461,0.519,-0.02,-0.0779,0.038
m1_name_tags_only_held_v1,gemma4:12b,all,M1,600,300,90,97,0.3,0.2509,0.3541,0.6767,0.6218,0.7271,0.3117,0.2759,0.3498,0.4883,0.4515,0.5253,-0.0233,-0.0969,0.0506
m1_name_tags_only_held_v1,phi4:latest,all,M1,600,300,250,254,0.8333,0.787,0.8712,0.1533,0.117,0.1985,0.84,0.8085,0.8672,0.4933,0.4639,0.5228,-0.0133,-0.0722,0.0456
m1_name_tags_only_held_v1,gemma4:e4b,all,M1,600,300,264,268,0.88,0.8383,0.912,0.1067,0.0766,0.1467,0.8867,0.8588,0.9096,0.4933,0.4676,0.519,-0.0133,-0.0647,0.038
m1_name_full_v2,openbmb/minicpm5:q4_K_M,all,M1,600,300,155,153,0.5167,0.4603,0.5726,0.49,0.4339,0.5463,0.5133,0.4734,0.5531,0.5033,0.4636,0.543,0.0067,-0.0729,0.0861
m1_name_full_v2,qwen3.5:2b-q4_K_M,all,M1,600,300,300,300,1.0,0.9874,1.0,0.0,0.0,0.0126,1.0,0.9936,1.0,0.5,0.4937,0.5063,0.0,-0.0126,0.0126
m1_name_full_v2,granite4.1:3b,all,M1,600,300,113,27,0.3767,0.3237,0.4327,0.91,0.8722,0.9374,0.2333,0.2013,0.2688,0.6433,0.6108,0.6745,0.2867,0.2216,0.3491
m1_name_full_v2,phi4-mini:latest,all,M1,600,300,259,190,0.8633,0.8198,0.8976,0.3667,0.3141,0.4226,0.7483,0.7121,0.7814,0.615,0.5809,0.6478,0.23,0.1618,0.2956
m1_name_full_v2,qwen3.5:4b,all,M1,600,300,252,146,0.84,0.7943,0.8771,0.5133,0.457,0.5694,0.6633,0.6246,0.7,0.6767,0.6404,0.7103,0.3533,0.2807,0.4206
m1_name_full_v2,llama3.1:8b,all,M1,600,300,0,0,0.0,0.0,0.0126,1.0,0.9874,1.0,0.0,0.0,0.0064,0.5,0.4937,0.5063,0.0,-0.0126,0.0126
m1_name_full_v2,granite4.1:8b,all,M1,600,300,195,23,0.65,0.5944,0.7018,0.9233,0.8876,0.9484,0.3633,0.3258,0.4026,0.7867,0.7536,0.8154,0.5733,0.5073,0.6308
m1_name_full_v2,qwen3.5:9b,all,M1,600,300,170,26,0.5667,0.5101,0.6215,0.9133,0.876,0.9402,0.3267,0.2903,0.3652,0.74,0.7061,0.7705,0.48,0.4122,0.5411
m1_name_full_v2,gemma4:e2b,all,M1,600,300,178,117,0.5933,0.5369,0.6474,0.61,0.5537,0.6635,0.4917,0.4518,0.5316,0.6017,0.5618,0.6397,0.2033,0.1237,0.2794
m1_name_full_v2,gemma4:12b,all,M1,600,300,107,13,0.3567,0.3046,0.4124,0.9567,0.9273,0.9745,0.2,0.1699,0.2339,0.6567,0.6268,0.6859,0.3133,0.2535,0.3718
m1_name_full_v2,phi4:latest,all,M1,600,300,84,7,0.28,0.2322,0.3333,0.9767,0.9526,0.9887,0.1517,0.1252,0.1826,0.6283,0.6016,0.6557,0.2567,0.2032,0.3113
m1_name_full_v2,gemma4:e4b,all,M1,600,300,191,46,0.6367,0.5808,0.689,0.8467,0.8015,0.883,0.395,0.3567,0.4347,0.7417,0.7058,0.7735,0.4833,0.4115,0.5471
natural_name_v1,openbmb/minicpm5:q4_K_M,adjudicated,A,113,12,6,66,0.5,0.2538,0.7462,0.3465,0.2609,0.4434,0.6372,0.5454,0.72,0.4233,0.2929,0.5556,-0.1535,-0.4142,0.1111
natural_name_v1,openbmb/minicpm5:q4_K_M,adjudicated,B,111,17,7,59,0.4118,0.2161,0.6399,0.3723,0.2814,0.4733,0.5946,0.5016,0.6813,0.3921,0.2842,0.5168,-0.2159,-0.4316,0.0336
natural_name_v1,openbmb/minicpm5:q4_K_M,decidable_core,A,104,8,4,64,0.5,0.2152,0.7848,0.3333,0.2471,0.4324,0.6538,0.5584,0.7383,0.4167,0.2679,0.5674,-0.1667,-0.4642,0.1349
natural_name_v1,openbmb/minicpm5:q4_K_M,decidable_core,B,102,13,4,56,0.3077,0.1268,0.5763,0.3708,0.2777,0.4745,0.5882,0.4912,0.6788,0.3392,0.2375,0.4832,-0.3215,-0.5249,-0.0336
natural_name_v1,qwen3.5:2b-q4_K_M,adjudicated,A,113,12,12,101,1.0,0.7575,1.0,0.0,0.0,0.0366,1.0,0.9671,1.0,0.5,0.3788,0.5183,0.0,-0.2425,0.0366
natural_name_v1,qwen3.5:2b-q4_K_M,adjudicated,B,111,17,17,92,1.0,0.8157,1.0,0.0213,0.0059,0.0743,0.982,0.9367,0.995,0.5106,0.4182,0.5371,0.0213,-0.1637,0.0743
natural_name_v1,qwen3.5:2b-q4_K_M,decidable_core,A,104,8,8,96,1.0,0.6756,1.0,0.0,0.0,0.0385,1.0,0.9644,1.0,0.5,0.3378,0.5192,0.0,-0.3244,0.0385
natural_name_v1,qwen3.5:2b-q4_K_M,decidable_core,B,102,13,13,87,1.0,0.7719,1.0,0.0225,0.0062,0.0783,0.9804,0.9313,0.9946,0.5112,0.3969,0.5391,0.0225,-0.2062,0.0783
natural_name_v1,granite4.1:3b,adjudicated,A,113,12,1,15,0.0833,0.0149,0.3539,0.8515,0.7693,0.9079,0.1416,0.0891,0.2177,0.4674,0.4139,0.6056,-0.0652,-0.1721,0.2112
natural_name_v1,granite4.1:3b,adjudicated,B,111,17,4,19,0.2353,0.0956,0.4726,0.7979,0.7057,0.8666,0.2072,0.1422,0.2918,0.5166,0.4329,0.6401,0.0332,-0.1342,0.2802
natural_name_v1,granite4.1:3b,decidable_core,A,104,8,1,14,0.125,0.0224,0.4709,0.8542,0.77,0.9111,0.1442,0.0894,0.2244,0.4896,0.4232,0.6649,-0.0208,-0.1535,0.3297
natural_name_v1,granite4.1:3b,decidable_core,B,102,13,3,18,0.2308,0.0818,0.5026,0.7978,0.7028,0.8681,0.2059,0.1388,0.2943,0.5143,0.4259,0.6546,0.0285,-0.1481,0.3093
natural_name_v1,phi4-mini:latest,adjudicated,A,113,12,4,22,0.3333,0.1381,0.6094,0.7822,0.6922,0.8515,0.2301,0.1621,0.3158,0.5578,0.4503,0.7001,0.1155,-0.0995,0.4001
natural_name_v1,phi4-mini:latest,adjudicated,B,111,17,5,32,0.2941,0.1328,0.5313,0.6596,0.5592,0.7474,0.3333,0.2525,0.4253,0.4768,0.3819,0.6033,-0.0463,-0.2363,0.2066
natural_name_v1,phi4-mini:latest,decidable_core,A,104,8,3,21,0.375,0.1368,0.6943,0.7812,0.6886,0.8522,0.2308,0.1603,0.3205,0.5781,0.4504,0.7417,0.1562,-0.0993,0.4833
natural_name_v1,phi4-mini:latest,decidable_core,B,102,13,5,31,0.3846,0.1771,0.6448,0.6517,0.5483,0.7425,0.3529,0.2671,0.4495,0.5182,0.4022,0.6559,0.0363,-0.1955,0.3119
natural_name_v1,qwen3.5:4b,adjudicated,A,113,12,6,38,0.5,0.2538,0.7462,0.6238,0.5264,0.7121,0.3894,0.3045,0.4815,0.5619,0.4295,0.6927,0.1238,-0.141,0.3853
natural_name_v1,qwen3.5:4b,adjudicated,B,111,17,11,42,0.6471,0.413,0.8269,0.5532,0.4526,0.6496,0.4775,0.3869,0.5696,0.6001,0.4727,0.7022,0.2003,-0.0545,0.4043
natural_name_v1,qwen3.5:4b,decidable_core,A,104,8,4,36,0.5,0.2152,0.7848,0.625,0.5251,0.7153,0.3846,0.2968,0.4806,0.5625,0.4116,0.7119,0.125,-0.1768,0.4237
natural_name_v1,qwen3.5:4b,decidable_core,B,102,13,9,41,0.6923,0.4237,0.8732,0.5393,0.4363,0.6391,0.4902,0.3953,0.5858,0.6158,0.472,0.7191,0.2316,-0.0561,0.4382
natural_name_v1,llama3.1:8b,adjudicated,A,113,12,0,0,0.0,0.0,0.2425,1.0,0.9634,1.0,0.0,0.0,0.0329,0.5,0.4817,0.6212,0.0,-0.0366,0.2425
natural_name_v1,llama3.1:8b,adjudicated,B,111,17,0,0,0.0,0.0,0.1843,1.0,0.9607,1.0,0.0,0.0,0.0335,0.5,0.4804,0.5922,0.0,-0.0393,0.1843
natural_name_v1,llama3.1:8b,decidable_core,A,104,8,0,0,0.0,0.0,0.3244,1.0,0.9615,1.0,0.0,0.0,0.0356,0.5,0.4808,0.6622,0.0,-0.0385,0.3244
natural_name_v1,llama3.1:8b,decidable_core,B,102,13,0,0,0.0,0.0,0.2281,1.0,0.9586,1.0,0.0,0.0,0.0363,0.5,0.4793,0.614,0.0,-0.0414,0.2281
natural_name_v1,granite4.1:8b,adjudicated,A,113,12,3,24,0.25,0.0889,0.5323,0.7624,0.6707,0.8348,0.2389,0.1697,0.3253,0.5062,0.4135,0.6519,0.0124,-0.1729,0.3038
natural_name_v1,granite4.1:8b,adjudicated,B,111,17,8,26,0.4706,0.2617,0.6904,0.7234,0.6256,0.8037,0.3063,0.2282,0.3973,0.597,0.4816,0.714,0.194,-0.0367,0.428
natural_name_v1,granite4.1:8b,decidable_core,A,104,8,3,22,0.375,0.1368,0.6943,0.7708,0.6773,0.8435,0.2404,0.1685,0.3308,0.5729,0.445,0.7366,0.1458,-0.11,0.4733
natural_name_v1,granite4.1:8b,decidable_core,B,102,13,7,24,0.5385,0.2914,0.7679,0.7303,0.63,0.8116,0.3039,0.2231,0.399,0.6344,0.5011,0.7561,0.2688,0.0022,0.5122
natural_name_v1,qwen3.5:9b,adjudicated,A,113,12,3,16,0.25,0.0889,0.5323,0.8416,0.7581,0.9001,0.1681,0.1104,0.2477,0.5458,0.4551,0.6899,0.0916,-0.0898,0.3799
natural_name_v1,qwen3.5:9b,adjudicated,B,111,17,1,12,0.0588,0.0105,0.2698,0.8723,0.79,0.9254,0.1171,0.0697,0.1901,0.4656,0.4178,0.5744,-0.0688,-0.1643,0.1487
natural_name_v1,qwen3.5:9b,decidable_core,A,104,8,2,14,0.25,0.0715,0.5907,0.8542,0.77,0.9111,0.1538,0.097,0.2354,0.5521,0.4534,0.7248,0.1042,-0.0932,0.4496
natural_name_v1,qwen3.5:9b,decidable_core,B,102,13,0,11,0.0,0.0,0.2281,0.8764,0.7921,0.9296,0.1078,0.0613,0.1829,0.4382,0.396,0.5553,-0.1236,-0.2079,0.1106
natural_name_v1,gemma4:e2b,adjudicated,A,113,12,11,79,0.9167,0.6461,0.9851,0.2178,0.1485,0.3078,0.7965,0.7131,0.8604,0.5672,0.4276,0.6238,0.1345,-0.1448,0.2476
natural_name_v1,gemma4:e2b,adjudicated,B,111,17,16,69,0.9412,0.7302,0.9895,0.266,0.1871,0.3632,0.7658,0.6789,0.8348,0.6036,0.4909,0.6579,0.2071,-0.0181,0.3157
natural_name_v1,gemma4:e2b,decidable_core,A,104,8,7,74,0.875,0.5291,0.9776,0.2292,0.1565,0.3227,0.7788,0.69,0.8479,0.5521,0.3754,0.6215,0.1042,-0.2493,0.243
natural_name_v1,gemma4:e2b,decidable_core,B,102,13,12,65,0.9231,0.6669,0.9863,0.2697,0.1884,0.37,0.7549,0.6632,0.8281,0.5964,0.462,0.6557,0.1927,-0.076,0.3113
natural_name_v1,gemma4:12b,adjudicated,A,113,12,0,9,0.0,0.0,0.2425,0.9109,0.8393,0.9524,0.0796,0.0425,0.1445,0.4554,0.4196,0.5785,-0.0891,-0.1607,0.1569
natural_name_v1,gemma4:12b,adjudicated,B,111,17,2,12,0.1176,0.0329,0.3434,0.8723,0.79,0.9254,0.1261,0.0766,0.2006,0.495,0.4359,0.6109,-0.01,-0.1282,0.2219
natural_name_v1,gemma4:12b,decidable_core,A,104,8,0,7,0.0,0.0,0.3244,0.9271,0.8571,0.9642,0.0673,0.033,0.1325,0.4635,0.4285,0.6268,-0.0729,-0.1429,0.2536
natural_name_v1,gemma4:12b,decidable_core,B,102,13,2,12,0.1538,0.0433,0.4223,0.8652,0.779,0.9212,0.1373,0.0836,0.2173,0.5095,0.4394,0.6466,0.019,-0.1212,0.2933
natural_name_v1,phi4:latest,adjudicated,A,113,12,2,11,0.1667,0.047,0.448,0.8911,0.8154,0.9381,0.115,0.0685,0.1869,0.5289,0.4581,0.6715,0.0578,-0.0839,0.343
natural_name_v1,phi4:latest,adjudicated,B,111,17,5,13,0.2941,0.1328,0.5313,0.8617,0.7776,0.9174,0.1622,0.1051,0.2418,0.5779,0.487,0.6997,0.1558,-0.0261,0.3995
natural_name_v1,phi4:latest,decidable_core,A,104,8,2,9,0.25,0.0715,0.5907,0.9062,0.8313,0.9499,0.1058,0.0601,0.1795,0.5781,0.4813,0.7499,0.1562,-0.0373,0.4998
natural_name_v1,phi4:latest,decidable_core,B,102,13,4,13,0.3077,0.1268,0.5763,0.8539,0.766,0.9126,0.1667,0.1067,0.2508,0.5808,0.4802,0.7183,0.1616,-0.0395,0.4366
natural_name_v1,gemma4:e4b,adjudicated,A,113,12,8,43,0.6667,0.3906,0.8619,0.5743,0.4769,0.6662,0.4513,0.3627,0.5432,0.6205,0.4741,0.7284,0.2409,-0.0518,0.4567
natural_name_v1,gemma4:e4b,adjudicated,B,111,17,12,52,0.7059,0.4687,0.8672,0.4468,0.3504,0.5474,0.5766,0.4836,0.6644,0.5763,0.4483,0.6714,0.1527,-0.1034,0.3428
natural_name_v1,gemma4:e4b,decidable_core,A,104,8,4,39,0.5,0.2152,0.7848,0.5938,0.4937,0.6865,0.4135,0.3235,0.5095,0.5469,0.396,0.6966,0.0938,-0.2081,0.3933
natural_name_v1,gemma4:e4b,decidable_core,B,102,13,11,51,0.8462,0.5777,0.9567,0.427,0.3293,0.5306,0.6078,0.5108,0.697,0.6366,0.4937,0.7124,0.2731,-0.0126,0.4247
natural_name_v2,openbmb/minicpm5:q4_K_M,adjudicated,A,113,12,4,46,0.3333,0.1381,0.6094,0.5446,0.4476,0.6383,0.4425,0.3543,0.5344,0.4389,0.33,0.5847,-0.1221,-0.3401,0.1694
natural_name_v2,openbmb/minicpm5:q4_K_M,adjudicated,B,111,17,6,47,0.3529,0.1731,0.587,0.5,0.4009,0.5991,0.4775,0.3869,0.5696,0.4265,0.3238,0.5536,-0.1471,-0.3524,0.1071
natural_name_v2,openbmb/minicpm5:q4_K_M,decidable_core,A,104,8,2,45,0.25,0.0715,0.5907,0.5312,0.4322,0.6279,0.4519,0.3597,0.5476,0.3906,0.2885,0.5677,-0.2188,-0.4229,0.1354
natural_name_v2,openbmb/minicpm5:q4_K_M,decidable_core,B,102,13,4,44,0.3077,0.1268,0.5763,0.5056,0.4037,0.6071,0.4706,0.3766,0.5668,0.4067,0.3028,0.5502,-0.1867,-0.3943,0.1005
natural_name_v2,qwen3.5:2b-q4_K_M,adjudicated,A,113,12,12,101,1.0,0.7575,1.0,0.0,0.0,0.0366,1.0,0.9671,1.0,0.5,0.3788,0.5183,0.0,-0.2425,0.0366
natural_name_v2,qwen3.5:2b-q4_K_M,adjudicated,B,111,17,17,94,1.0,0.8157,1.0,0.0,0.0,0.0393,1.0,0.9665,1.0,0.5,0.4078,0.5196,0.0,-0.1843,0.0393
natural_name_v2,qwen3.5:2b-q4_K_M,decidable_core,A,104,8,8,96,1.0,0.6756,1.0,0.0,0.0,0.0385,1.0,0.9644,1.0,0.5,0.3378,0.5192,0.0,-0.3244,0.0385
natural_name_v2,qwen3.5:2b-q4_K_M,decidable_core,B,102,13,13,89,1.0,0.7719,1.0,0.0,0.0,0.0414,1.0,0.9637,1.0,0.5,0.386,0.5207,0.0,-0.2281,0.0414
natural_name_v2,granite4.1:3b,adjudicated,A,113,12,0,7,0.0,0.0,0.2425,0.9307,0.8638,0.966,0.0619,0.0303,0.1224,0.4653,0.4319,0.5879,-0.0693,-0.1362,0.1757
natural_name_v2,granite4.1:3b,adjudicated,B,111,17,2,12,0.1176,0.0329,0.3434,0.8723,0.79,0.9254,0.1261,0.0766,0.2006,0.495,0.4359,0.6109,-0.01,-0.1282,0.2219
natural_name_v2,granite4.1:3b,decidable_core,A,104,8,0,6,0.0,0.0,0.3244,0.9375,0.8703,0.971,0.0577,0.0267,0.1202,0.4688,0.4351,0.6318,-0.0625,-0.1297,0.2636
natural_name_v2,granite4.1:3b,decidable_core,B,102,13,1,12,0.0769,0.0137,0.3331,0.8652,0.779,0.9212,0.1275,0.076,0.2059,0.471,0.4176,0.6022,-0.0579,-0.1648,0.2044
natural_name_v2,phi4-mini:latest,adjudicated,A,113,12,8,59,0.6667,0.3906,0.8619,0.4158,0.3245,0.5133,0.5929,0.5007,0.679,0.5413,0.3959,0.6504,0.0825,-0.2082,0.3007
natural_name_v2,phi4-mini:latest,adjudicated,B,111,17,12,64,0.7059,0.4687,0.8672,0.3191,0.2336,0.4189,0.6847,0.5933,0.7637,0.5125,0.3864,0.6073,0.025,-0.2271,0.2147
natural_name_v2,phi4-mini:latest,decidable_core,A,104,8,6,56,0.75,0.4093,0.9285,0.4167,0.3231,0.5166,0.5962,0.5001,0.6854,0.5833,0.4067,0.6856,0.1667,-0.1867,0.3713
natural_name_v2,phi4-mini:latest,decidable_core,B,102,13,10,61,0.7692,0.4974,0.9182,0.3146,0.2275,0.417,0.6961,0.601,0.7769,0.5419,0.3992,0.6323,0.0838,-0.2016,0.2646
natural_name_v2,qwen3.5:4b,adjudicated,A,113,12,7,49,0.5833,0.3195,0.8067,0.5149,0.4186,0.61,0.4956,0.4051,0.5864,0.5491,0.4087,0.6705,0.0982,-0.1826,0.341
natural_name_v2,qwen3.5:4b,adjudicated,B,111,17,11,50,0.6471,0.413,0.8269,0.4681,0.3705,0.5682,0.5495,0.4569,0.6389,0.5576,0.4308,0.6605,0.1151,-0.1385,0.321
natural_name_v2,qwen3.5:4b,decidable_core,A,104,8,5,46,0.625,0.3057,0.8632,0.5208,0.422,0.618,0.4904,0.3964,0.5851,0.5729,0.4058,0.7015,0.1458,-0.1884,0.4031
natural_name_v2,qwen3.5:4b,decidable_core,B,102,13,10,49,0.7692,0.4974,0.9182,0.4494,0.3503,0.5527,0.5784,0.4815,0.6697,0.6093,0.4647,0.7,0.2187,-0.0706,0.4
natural_name_v2,llama3.1:8b,adjudicated,A,113,12,0,0,0.0,0.0,0.2425,1.0,0.9634,1.0,0.0,0.0,0.0329,0.5,0.4817,0.6212,0.0,-0.0366,0.2425
natural_name_v2,llama3.1:8b,adjudicated,B,111,17,0,0,0.0,0.0,0.1843,1.0,0.9607,1.0,0.0,0.0,0.0335,0.5,0.4804,0.5922,0.0,-0.0393,0.1843
natural_name_v2,llama3.1:8b,decidable_core,A,104,8,0,0,0.0,0.0,0.3244,1.0,0.9615,1.0,0.0,0.0,0.0356,0.5,0.4808,0.6622,0.0,-0.0385,0.3244
natural_name_v2,llama3.1:8b,decidable_core,B,102,13,0,0,0.0,0.0,0.2281,1.0,0.9586,1.0,0.0,0.0,0.0363,0.5,0.4793,0.614,0.0,-0.0414,0.2281
natural_name_v2,granite4.1:8b,adjudicated,A,113,12,0,8,0.0,0.0,0.2425,0.9208,0.8514,0.9593,0.0708,0.0363,0.1335,0.4604,0.4257,0.5832,-0.0792,-0.1486,0.1663
natural_name_v2,granite4.1:8b,adjudicated,B,111,17,2,10,0.1176,0.0329,0.3434,0.8936,0.8151,0.9412,0.1081,0.0629,0.1795,0.5056,0.4479,0.621,0.0113,-0.1042,0.2419
natural_name_v2,granite4.1:8b,decidable_core,A,104,8,0,7,0.0,0.0,0.3244,0.9271,0.8571,0.9642,0.0673,0.033,0.1325,0.4635,0.4285,0.6268,-0.0729,-0.1429,0.2536
natural_name_v2,granite4.1:8b,decidable_core,B,102,13,2,9,0.1538,0.0433,0.4223,0.8989,0.8189,0.9459,0.1078,0.0613,0.1829,0.5264,0.4581,0.6627,0.0527,-0.0838,0.3253
natural_name_v2,qwen3.5:9b,adjudicated,A,113,12,1,11,0.0833,0.0149,0.3539,0.8911,0.8154,0.9381,0.1062,0.0618,0.1765,0.4872,0.4362,0.6245,-0.0256,-0.1276,0.249
natural_name_v2,qwen3.5:9b,adjudicated,B,111,17,1,10,0.0588,0.0105,0.2698,0.8936,0.8151,0.9412,0.0991,0.0562,0.1688,0.4762,0.4301,0.5844,-0.0476,-0.1397,0.1687
natural_name_v2,qwen3.5:9b,decidable_core,A,104,8,0,10,0.0,0.0,0.3244,0.8958,0.8188,0.9424,0.0962,0.0531,0.168,0.4479,0.4094,0.6118,-0.1042,-0.1812,0.2236
natural_name_v2,qwen3.5:9b,decidable_core,B,102,13,1,10,0.0769,0.0137,0.3331,0.8876,0.8054,0.9378,0.1078,0.0613,0.1829,0.4823,0.4304,0.6128,-0.0354,-0.1392,0.2256
natural_name_v2,gemma4:e2b,adjudicated,A,113,12,2,39,0.1667,0.047,0.448,0.6139,0.5164,0.703,0.3628,0.28,0.4546,0.3903,0.3131,0.5378,-0.2195,-0.3738,0.0757
natural_name_v2,gemma4:e2b,adjudicated,B,111,17,8,32,0.4706,0.2617,0.6904,0.6596,0.5592,0.7474,0.3604,0.2771,0.453,0.5651,0.4492,0.6834,0.1302,-0.1016,0.3668
natural_name_v2,gemma4:e2b,decidable_core,A,104,8,2,35,0.25,0.0715,0.5907,0.6354,0.5357,0.7248,0.3558,0.2704,0.4514,0.4427,0.3405,0.6188,-0.1146,-0.3191,0.2377
natural_name_v2,gemma4:e2b,decidable_core,B,102,13,6,32,0.4615,0.2321,0.7086,0.6404,0.5369,0.7324,0.3725,0.2849,0.4694,0.551,0.4251,0.6828,0.102,-0.1498,0.3656
natural_name_v2,gemma4:12b,adjudicated,A,113,12,0,3,0.0,0.0,0.2425,0.9703,0.9163,0.9898,0.0265,0.0091,0.0752,0.4851,0.4581,0.6068,-0.0297,-0.0837,0.2136
natural_name_v2,gemma4:12b,adjudicated,B,111,17,1,6,0.0588,0.0105,0.2698,0.9362,0.8677,0.9704,0.0631,0.0309,0.1245,0.4975,0.4556,0.6044,-0.005,-0.0889,0.2088
natural_name_v2,gemma4:12b,decidable_core,A,104,8,0,2,0.0,0.0,0.3244,0.9792,0.9272,0.9943,0.0192,0.0053,0.0674,0.4896,0.4636,0.652,-0.0208,-0.0728,0.3039
natural_name_v2,gemma4:12b,decidable_core,B,102,13,1,6,0.0769,0.0137,0.3331,0.9326,0.8606,0.9687,0.0686,0.0336,0.1349,0.5048,0.4569,0.6341,0.0095,-0.0863,0.2683
natural_name_v2,phi4:latest,adjudicated,A,113,12,0,5,0.0,0.0,0.2425,0.9505,0.8893,0.9787,0.0442,0.019,0.0994,0.4752,0.4447,0.5973,-0.0495,-0.1107,0.1946
natural_name_v2,phi4:latest,adjudicated,B,111,17,1,1,0.0588,0.0105,0.2698,0.9894,0.9422,0.9981,0.018,0.005,0.0633,0.5241,0.4903,0.6297,0.0482,-0.0194,0.2594
natural_name_v2,phi4:latest,decidable_core,A,104,8,0,4,0.0,0.0,0.3244,0.9583,0.8977,0.9837,0.0385,0.0151,0.0947,0.4792,0.4489,0.6419,-0.0417,-0.1023,0.2837
natural_name_v2,phi4:latest,decidable_core,B,102,13,0,1,0.0,0.0,0.2281,0.9888,0.9391,0.998,0.0098,0.0017,0.0535,0.4944,0.4695,0.6085,-0.0112,-0.0609,0.217
natural_name_v2,gemma4:e4b,adjudicated,A,113,12,1,18,0.0833,0.0149,0.3539,0.8218,0.7358,0.8842,0.1681,0.1104,0.2477,0.4526,0.3976,0.5914,-0.0949,-0.2048,0.1828
natural_name_v2,gemma4:e4b,adjudicated,B,111,17,5,18,0.2941,0.1328,0.5313,0.8085,0.7175,0.8753,0.2072,0.1422,0.2918,0.5513,0.4587,0.6745,0.1026,-0.0826,0.3491
natural_name_v2,gemma4:e4b,decidable_core,A,104,8,0,14,0.0,0.0,0.3244,0.8542,0.77,0.9111,0.1346,0.0819,0.2134,0.4271,0.385,0.5918,-0.1458,-0.23,0.1835
natural_name_v2,gemma4:e4b,decidable_core,B,102,13,4,17,0.3077,0.1268,0.5763,0.809,0.7152,0.8772,0.2059,0.1388,0.2943,0.5583,0.4565,0.6969,0.1167,-0.0871,0.3938
m1_name_full_v1_unconstrained,openbmb/minicpm5:q4_K_M,all,M1,600,300,166,155,0.5533,0.4968,0.6086,0.4833,0.4274,0.5397,0.535,0.495,0.5746,0.5183,0.4785,0.5578,0.0367,-0.0429,0.1156
m1_name_full_v1_unconstrained,qwen3.5:2b-q4_K_M,all,M1,600,300,233,237,0.7767,0.7262,0.8201,0.21,0.1677,0.2596,0.7833,0.7486,0.8144,0.4933,0.4604,0.5263,-0.0133,-0.0792,0.0526
m1_name_full_v1_unconstrained,granite4.1:3b,all,M1,600,300,148,50,0.4933,0.4372,0.5496,0.8333,0.787,0.8712,0.33,0.2936,0.3686,0.6633,0.6269,0.6973,0.3267,0.2539,0.3945
m1_name_full_v1_unconstrained,phi4-mini:latest,all,M1,600,300,173,90,0.5767,0.5201,0.6313,0.7,0.6459,0.7491,0.4383,0.3991,0.4783,0.6383,0.5992,0.675,0.2767,0.1984,0.3501
m1_name_full_v1_unconstrained,qwen3.5:4b,all,M1,600,300,231,125,0.77,0.7191,0.814,0.5833,0.5268,0.6377,0.5933,0.5536,0.6319,0.6767,0.6387,0.7117,0.3533,0.2773,0.4233
m1_name_full_v1_unconstrained,llama3.1:8b,all,M1,600,300,0,0,0.0,0.0,0.0126,1.0,0.9874,1.0,0.0,0.0,0.0064,0.5,0.4937,0.5063,0.0,-0.0126,0.0126
m1_name_full_v1_unconstrained,granite4.1:8b,all,M1,600,300,228,79,0.76,0.7086,0.8048,0.7367,0.6841,0.7833,0.5117,0.4717,0.5515,0.7483,0.7116,0.7807,0.4967,0.4231,0.5614
m1_name_full_v1_unconstrained,qwen3.5:9b,all,M1,600,300,219,41,0.73,0.6771,0.7771,0.8633,0.8198,0.8976,0.4333,0.3942,0.4733,0.7967,0.7624,0.8258,0.5933,0.5248,0.6516
m1_name_full_v1_unconstrained,gemma4:e2b,all,M1,600,300,217,190,0.7233,0.6701,0.7709,0.3667,0.3141,0.4226,0.6783,0.6399,0.7145,0.545,0.5076,0.5817,0.09,0.0152,0.1634
m1_name_full_v1_unconstrained,gemma4:12b,all,M1,600,300,208,35,0.6933,0.639,0.7428,0.8833,0.8421,0.9149,0.405,0.3664,0.4448,0.7883,0.7542,0.8177,0.5767,0.5084,0.6353
m1_name_full_v1_unconstrained,phi4:latest,all,M1,600,300,149,15,0.4967,0.4405,0.5529,0.95,0.9192,0.9695,0.2733,0.2392,0.3104,0.7233,0.6913,0.7531,0.4467,0.3826,0.5062
m1_name_full_v1_unconstrained,gemma4:e4b,all,M1,600,300,280,142,0.9333,0.8993,0.9564,0.5267,0.4702,0.5825,0.7033,0.6656,0.7385,0.73,0.697,0.7602,0.46,0.394,0.5204
natural_name_v1_unconstrained,openbmb/minicpm5:q4_K_M,adjudicated,A,113,12,6,54,0.5,0.2538,0.7462,0.4653,0.3711,0.5621,0.531,0.4395,0.6204,0.4827,0.3509,0.6149,-0.0347,-0.2983,0.2299
natural_name_v1_unconstrained,openbmb/minicpm5:q4_K_M,adjudicated,B,111,17,6,51,0.3529,0.1731,0.587,0.4574,0.3604,0.5578,0.5135,0.4216,0.6045,0.4052,0.303,0.5325,-0.1896,-0.394,0.0651
natural_name_v1_unconstrained,openbmb/minicpm5:q4_K_M,decidable_core,A,104,8,4,52,0.5,0.2152,0.7848,0.4583,0.3622,0.5577,0.5385,0.443,0.6312,0.4792,0.3289,0.63,-0.0417,-0.3422,0.2599
natural_name_v1_unconstrained,openbmb/minicpm5:q4_K_M,decidable_core,B,102,13,3,48,0.2308,0.0818,0.5026,0.4607,0.3609,0.5637,0.5,0.4047,0.5953,0.3457,0.2561,0.4911,-0.3086,-0.4879,-0.0179
natural_name_v1_unconstrained,qwen3.5:2b-q4_K_M,adjudicated,A,113,12,7,80,0.5833,0.3195,0.8067,0.2079,0.1402,0.297,0.7699,0.6842,0.8379,0.3956,0.2594,0.5159,-0.2087,-0.4811,0.0318
natural_name_v1_unconstrained,qwen3.5:2b-q4_K_M,adjudicated,B,111,17,16,76,0.9412,0.7302,0.9895,0.1915,0.1247,0.2825,0.8288,0.7481,0.8876,0.5663,0.4557,0.6179,0.1327,-0.0886,0.2357
natural_name_v1_unconstrained,qwen3.5:2b-q4_K_M,decidable_core,A,104,8,5,75,0.625,0.3057,0.8632,0.2188,0.1478,0.3114,0.7692,0.6795,0.8397,0.4219,0.2583,0.5496,-0.1562,-0.4833,0.0993
natural_name_v1_unconstrained,qwen3.5:2b-q4_K_M,decidable_core,B,102,13,12,71,0.9231,0.6669,0.9863,0.2022,0.1319,0.2972,0.8137,0.7273,0.8774,0.5627,0.4298,0.6197,0.1253,-0.1404,0.2394
natural_name_v1_unconstrained,granite4.1:3b,adjudicated,A,113,12,1,15,0.0833,0.0149,0.3539,0.8515,0.7693,0.9079,0.1416,0.0891,0.2177,0.4674,0.4139,0.6056,-0.0652,-0.1721,0.2112
natural_name_v1_unconstrained,granite4.1:3b,adjudicated,B,111,17,4,19,0.2353,0.0956,0.4726,0.7979,0.7057,0.8666,0.2072,0.1422,0.2918,0.5166,0.4329,0.6401,0.0332,-0.1342,0.2802
natural_name_v1_unconstrained,granite4.1:3b,decidable_core,A,104,8,1,14,0.125,0.0224,0.4709,0.8542,0.77,0.9111,0.1442,0.0894,0.2244,0.4896,0.4232,0.6649,-0.0208,-0.1535,0.3297
natural_name_v1_unconstrained,granite4.1:3b,decidable_core,B,102,13,3,18,0.2308,0.0818,0.5026,0.7978,0.7028,0.8681,0.2059,0.1388,0.2943,0.5143,0.4259,0.6546,0.0285,-0.1481,0.3093
natural_name_v1_unconstrained,phi4-mini:latest,adjudicated,A,113,12,4,23,0.3333,0.1381,0.6094,0.7723,0.6814,0.8432,0.2389,0.1697,0.3253,0.5528,0.4451,0.6953,0.1056,-0.1097,0.3906
natural_name_v1_unconstrained,phi4-mini:latest,adjudicated,B,111,17,5,30,0.2941,0.1328,0.5313,0.6809,0.5811,0.7664,0.3153,0.2363,0.4067,0.4875,0.3927,0.6136,-0.025,-0.2147,0.2271
natural_name_v1_unconstrained,phi4-mini:latest,decidable_core,A,104,8,3,22,0.375,0.1368,0.6943,0.7708,0.6773,0.8435,0.2404,0.1685,0.3308,0.5729,0.445,0.7366,0.1458,-0.11,0.4733
natural_name_v1_unconstrained,phi4-mini:latest,decidable_core,B,102,13,4,29,0.3077,0.1268,0.5763,0.6742,0.5713,0.7626,0.3235,0.2406,0.4193,0.4909,0.3869,0.6323,-0.0182,-0.2262,0.2646
natural_name_v1_unconstrained,qwen3.5:4b,adjudicated,A,113,12,4,33,0.3333,0.1381,0.6094,0.6733,0.5769,0.7569,0.3274,0.2478,0.4184,0.5033,0.3945,0.6475,0.0066,-0.2111,0.295
natural_name_v1_unconstrained,qwen3.5:4b,adjudicated,B,111,17,11,41,0.6471,0.413,0.8269,0.5638,0.463,0.6596,0.4685,0.3783,0.5608,0.6054,0.478,0.7073,0.2109,-0.0439,0.4147
natural_name_v1_unconstrained,qwen3.5:4b,decidable_core,A,104,8,3,31,0.375,0.1368,0.6943,0.6771,0.5783,0.7622,0.3269,0.2443,0.4218,0.526,0.3971,0.6913,0.0521,-0.2057,0.3825
natural_name_v1_unconstrained,qwen3.5:4b,decidable_core,B,102,13,9,40,0.6923,0.4237,0.8732,0.5506,0.4473,0.6497,0.4804,0.3859,0.5763,0.6214,0.4775,0.7246,0.2429,-0.0449,0.4491
natural_name_v1_unconstrained,llama3.1:8b,adjudicated,A,113,12,0,0,0.0,0.0,0.2425,1.0,0.9634,1.0,0.0,0.0,0.0329,0.5,0.4817,0.6212,0.0,-0.0366,0.2425
natural_name_v1_unconstrained,llama3.1:8b,adjudicated,B,111,17,0,0,0.0,0.0,0.1843,1.0,0.9607,1.0,0.0,0.0,0.0335,0.5,0.4804,0.5922,0.0,-0.0393,0.1843
natural_name_v1_unconstrained,llama3.1:8b,decidable_core,A,104,8,0,0,0.0,0.0,0.3244,1.0,0.9615,1.0,0.0,0.0,0.0356,0.5,0.4808,0.6622,0.0,-0.0385,0.3244
natural_name_v1_unconstrained,llama3.1:8b,decidable_core,B,102,13,0,0,0.0,0.0,0.2281,1.0,0.9586,1.0,0.0,0.0,0.0363,0.5,0.4793,0.614,0.0,-0.0414,0.2281
natural_name_v1_unconstrained,granite4.1:8b,adjudicated,A,113,12,2,20,0.1667,0.047,0.448,0.802,0.7138,0.868,0.1947,0.1322,0.2772,0.4843,0.41,0.6288,-0.0314,-0.18,0.2577
natural_name_v1_unconstrained,granite4.1:8b,adjudicated,B,111,17,6,21,0.3529,0.1731,0.587,0.7766,0.6825,0.849,0.2432,0.1729,0.3308,0.5648,0.4633,0.6873,0.1295,-0.0734,0.3745
natural_name_v1_unconstrained,granite4.1:8b,decidable_core,A,104,8,2,18,0.25,0.0715,0.5907,0.8125,0.723,0.878,0.1923,0.1281,0.2785,0.5312,0.4314,0.7047,0.0625,-0.1372,0.4095
natural_name_v1_unconstrained,granite4.1:8b,decidable_core,B,102,13,5,20,0.3846,0.1771,0.6448,0.7753,0.6782,0.8496,0.2451,0.1719,0.3368,0.5799,0.4654,0.7152,0.1599,-0.0692,0.4304
natural_name_v1_unconstrained,qwen3.5:9b,adjudicated,A,113,12,3,16,0.25,0.0889,0.5323,0.8416,0.7581,0.9001,0.1681,0.1104,0.2477,0.5458,0.4551,0.6899,0.0916,-0.0898,0.3799
natural_name_v1_unconstrained,qwen3.5:9b,adjudicated,B,111,17,1,12,0.0588,0.0105,0.2698,0.8723,0.79,0.9254,0.1171,0.0697,0.1901,0.4656,0.4178,0.5744,-0.0688,-0.1643,0.1487
natural_name_v1_unconstrained,qwen3.5:9b,decidable_core,A,104,8,2,14,0.25,0.0715,0.5907,0.8542,0.77,0.9111,0.1538,0.097,0.2354,0.5521,0.4534,0.7248,0.1042,-0.0932,0.4496
natural_name_v1_unconstrained,qwen3.5:9b,decidable_core,B,102,13,0,11,0.0,0.0,0.2281,0.8764,0.7921,0.9296,0.1078,0.0613,0.1829,0.4382,0.396,0.5553,-0.1236,-0.2079,0.1106
natural_name_v1_unconstrained,gemma4:e2b,adjudicated,A,113,12,7,62,0.5833,0.3195,0.8067,0.3861,0.297,0.4836,0.6106,0.5185,0.6955,0.4847,0.3455,0.6066,-0.0305,-0.309,0.2132
natural_name_v1_unconstrained,gemma4:e2b,adjudicated,B,111,17,11,54,0.6471,0.413,0.8269,0.4255,0.3304,0.5265,0.5856,0.4926,0.6729,0.5363,0.41,0.6394,0.0726,-0.18,0.2788
natural_name_v1_unconstrained,gemma4:e2b,decidable_core,A,104,8,4,59,0.5,0.2152,0.7848,0.3854,0.2943,0.4854,0.6058,0.5097,0.6943,0.4427,0.2932,0.5936,-0.1146,-0.4136,0.1872
natural_name_v1_unconstrained,gemma4:e2b,decidable_core,B,102,13,9,52,0.6923,0.4237,0.8732,0.4157,0.3189,0.5195,0.598,0.501,0.688,0.554,0.4113,0.6583,0.108,-0.1775,0.3166
natural_name_v1_unconstrained,gemma4:12b,adjudicated,A,113,12,0,9,0.0,0.0,0.2425,0.9109,0.8393,0.9524,0.0796,0.0425,0.1445,0.4554,0.4196,0.5785,-0.0891,-0.1607,0.1569
natural_name_v1_unconstrained,gemma4:12b,adjudicated,B,111,17,2,12,0.1176,0.0329,0.3434,0.8723,0.79,0.9254,0.1261,0.0766,0.2006,0.495,0.4359,0.6109,-0.01,-0.1282,0.2219
natural_name_v1_unconstrained,gemma4:12b,decidable_core,A,104,8,0,7,0.0,0.0,0.3244,0.9271,0.8571,0.9642,0.0673,0.033,0.1325,0.4635,0.4285,0.6268,-0.0729,-0.1429,0.2536
natural_name_v1_unconstrained,gemma4:12b,decidable_core,B,102,13,2,12,0.1538,0.0433,0.4223,0.8652,0.779,0.9212,0.1373,0.0836,0.2173,0.5095,0.4394,0.6466,0.019,-0.1212,0.2933
natural_name_v1_unconstrained,phi4:latest,adjudicated,A,113,12,1,6,0.0833,0.0149,0.3539,0.9406,0.8764,0.9725,0.0619,0.0303,0.1224,0.512,0.465,0.6482,0.0239,-0.0699,0.2963
natural_name_v1_unconstrained,phi4:latest,adjudicated,B,111,17,3,4,0.1765,0.0619,0.4103,0.9574,0.8956,0.9833,0.0631,0.0309,0.1245,0.567,0.5019,0.6846,0.1339,0.0038,0.3692
natural_name_v1_unconstrained,phi4:latest,decidable_core,A,104,8,1,5,0.125,0.0224,0.4709,0.9479,0.8838,0.9776,0.0577,0.0267,0.1202,0.5365,0.476,0.71,0.0729,-0.048,0.4201
natural_name_v1_unconstrained,phi4:latest,decidable_core,B,102,13,2,4,0.1538,0.0433,0.4223,0.9551,0.8901,0.9824,0.0588,0.0272,0.1224,0.5545,0.4903,0.6894,0.1089,-0.0194,0.3788
natural_name_v1_unconstrained,gemma4:e4b,adjudicated,A,113,12,8,43,0.6667,0.3906,0.8619,0.5743,0.4769,0.6662,0.4513,0.3627,0.5432,0.6205,0.4741,0.7284,0.2409,-0.0518,0.4567
natural_name_v1_unconstrained,gemma4:e4b,adjudicated,B,111,17,12,50,0.7059,0.4687,0.8672,0.4681,0.3705,0.5682,0.5586,0.4658,0.6474,0.587,0.4587,0.6819,0.174,-0.0825,0.3638
natural_name_v1_unconstrained,gemma4:e4b,decidable_core,A,104,8,4,39,0.5,0.2152,0.7848,0.5938,0.4937,0.6865,0.4135,0.3235,0.5095,0.5469,0.396,0.6966,0.0938,-0.2081,0.3933
natural_name_v1_unconstrained,gemma4:e4b,decidable_core,B,102,13,11,50,0.8462,0.5777,0.9567,0.4382,0.3398,0.5417,0.598,0.501,0.688,0.6422,0.4992,0.7179,0.2844,-0.0016,0.4358
