item_set,configuration,model,records,positives,caught,recall,recall_low,recall_high,machine_flags_per_1k,to_person_per_1k,machine_seconds_per_1k,reader_minutes_median_per_1k,reader_minutes_winsorized_per_1k,reader_minutes_untreated_per_1k
injected,C0,,1800,900,900,1.0,0.9957,1.0,0.0,1000.0,0.0,648.3,1106.2,1800.4
injected,C1,,1800,900,427,0.4744,0.442,0.5071,268.3,0.0,0.0,0.0,0.0,0.0
injected,C2,,1800,900,614,0.6822,0.6511,0.7118,382.8,0.0,0.0,0.0,0.0,0.0
injected,C3,openbmb/minicpm5:q4_K_M,1800,900,793,0.8811,0.8583,0.9007,585.0,202.2,54.2,131.1,223.7,364.1
injected,C4,,1800,900,900,1.0,0.9957,1.0,382.8,320.6,0.0,207.8,354.6,577.1
injected,C5,openbmb/minicpm5:q4_K_M,1800,900,193,0.2144,0.1889,0.2424,215.0,215.0,56.3,139.4,237.8,387.1
injected,C6,openbmb/minicpm5:q4_K_M,1800,900,794,0.8822,0.87,0.8956,382.8,202.2,0.0,131.1,223.7,364.1
injected,C0,,1800,900,900,1.0,0.9957,1.0,0.0,1000.0,0.0,648.3,1106.2,1800.4
injected,C1,,1800,900,427,0.4744,0.442,0.5071,268.3,0.0,0.0,0.0,0.0,0.0
injected,C2,,1800,900,614,0.6822,0.6511,0.7118,382.8,0.0,0.0,0.0,0.0,0.0
injected,C3,qwen3.5:2b-q4_K_M,1800,900,898,0.9978,0.9919,0.9994,700.6,317.8,123.7,206.0,351.5,572.1
injected,C4,,1800,900,900,1.0,0.9957,1.0,382.8,320.6,0.0,207.8,354.6,577.1
injected,C5,qwen3.5:2b-q4_K_M,1800,900,298,0.3311,0.3011,0.3625,330.6,330.6,128.7,214.3,365.7,595.1
injected,C6,qwen3.5:2b-q4_K_M,1800,900,897,0.9967,0.9944,1.0,382.8,317.8,0.0,206.0,351.5,572.1
injected,C0,,1800,900,900,1.0,0.9957,1.0,0.0,1000.0,0.0,648.3,1106.2,1800.4
injected,C1,,1800,900,427,0.4744,0.442,0.5071,268.3,0.0,0.0,0.0,0.0,0.0
injected,C2,,1800,900,614,0.6822,0.6511,0.7118,382.8,0.0,0.0,0.0,0.0,0.0
injected,C3,granite4.1:3b,1800,900,755,0.8389,0.8134,0.8615,488.3,105.6,53.9,68.4,116.8,190.0
injected,C4,,1800,900,900,1.0,0.9957,1.0,382.8,320.6,0.0,207.8,354.6,577.1
injected,C5,granite4.1:3b,1800,900,148,0.1644,0.1417,0.1901,110.0,110.0,56.0,71.3,121.7,198.0
injected,C6,granite4.1:3b,1800,900,708,0.7867,0.7744,0.7989,382.8,105.6,0.0,68.4,116.8,190.0
injected,C0,,1800,900,900,1.0,0.9957,1.0,0.0,1000.0,0.0,648.3,1106.2,1800.4
injected,C1,,1800,900,427,0.4744,0.442,0.5071,268.3,0.0,0.0,0.0,0.0,0.0
injected,C2,,1800,900,614,0.6822,0.6511,0.7118,382.8,0.0,0.0,0.0,0.0,0.0
injected,C3,phi4-mini:latest,1800,900,774,0.86,0.8358,0.8811,519.4,136.7,93.0,88.6,151.2,246.1
injected,C4,,1800,900,900,1.0,0.9957,1.0,382.8,320.6,0.0,207.8,354.6,577.1
injected,C5,phi4-mini:latest,1800,900,172,0.1911,0.1668,0.2181,145.0,145.0,96.7,94.0,160.4,261.1
injected,C6,phi4-mini:latest,1800,900,735,0.8167,0.8044,0.8311,382.8,136.7,0.0,88.6,151.2,246.1
injected,C0,,1800,900,900,1.0,0.9957,1.0,0.0,1000.0,0.0,648.3,1106.2,1800.4
injected,C1,,1800,900,427,0.4744,0.442,0.5071,268.3,0.0,0.0,0.0,0.0,0.0
injected,C2,,1800,900,614,0.6822,0.6511,0.7118,382.8,0.0,0.0,0.0,0.0,0.0
injected,C3,qwen3.5:4b,1800,900,873,0.97,0.9567,0.9793,600.6,217.8,170.9,141.2,240.9,392.1
injected,C4,,1800,900,900,1.0,0.9957,1.0,382.8,320.6,0.0,207.8,354.6,577.1
injected,C5,qwen3.5:4b,1800,900,272,0.3022,0.2731,0.333,227.8,227.8,177.7,147.7,252.0,410.1
injected,C6,qwen3.5:4b,1800,900,808,0.8978,0.8856,0.91,382.8,217.8,0.0,141.2,240.9,392.1
injected,C0,,1800,900,900,1.0,0.9957,1.0,0.0,1000.0,0.0,648.3,1106.2,1800.4
injected,C1,,1800,900,427,0.4744,0.442,0.5071,268.3,0.0,0.0,0.0,0.0,0.0
injected,C2,,1800,900,614,0.6822,0.6511,0.7118,382.8,0.0,0.0,0.0,0.0,0.0
injected,C3,llama3.1:8b,1800,900,614,0.6822,0.6511,0.7118,382.8,0.0,109.3,0.0,0.0,0.0
injected,C4,,1800,900,900,1.0,0.9957,1.0,382.8,320.6,0.0,207.8,354.6,577.1
injected,C5,llama3.1:8b,1800,900,0,0.0,0.0,0.0043,0.0,0.0,113.7,0.0,0.0,0.0
injected,C6,llama3.1:8b,1800,900,614,0.6822,0.6822,0.6822,382.8,0.0,0.0,0.0,0.0,0.0
injected,C0,,1800,900,900,1.0,0.9957,1.0,0.0,1000.0,0.0,648.3,1106.2,1800.4
injected,C1,,1800,900,427,0.4744,0.442,0.5071,268.3,0.0,0.0,0.0,0.0,0.0
injected,C2,,1800,900,614,0.6822,0.6511,0.7118,382.8,0.0,0.0,0.0,0.0,0.0
injected,C3,granite4.1:8b,1800,900,850,0.9444,0.9275,0.9576,570.6,187.8,87.8,121.7,207.7,338.1
injected,C4,,1800,900,900,1.0,0.9957,1.0,382.8,320.6,0.0,207.8,354.6,577.1
injected,C5,granite4.1:8b,1800,900,248,0.2756,0.2474,0.3057,195.0,195.0,91.3,126.4,215.7,351.1
injected,C6,granite4.1:8b,1800,900,781,0.8678,0.8556,0.8811,382.8,187.8,0.0,121.7,207.7,338.1
injected,C0,,1800,900,900,1.0,0.9957,1.0,0.0,1000.0,0.0,648.3,1106.2,1800.4
injected,C1,,1800,900,427,0.4744,0.442,0.5071,268.3,0.0,0.0,0.0,0.0,0.0
injected,C2,,1800,900,614,0.6822,0.6511,0.7118,382.8,0.0,0.0,0.0,0.0,0.0
injected,C3,qwen3.5:9b,1800,900,823,0.9144,0.8944,0.931,520.0,137.2,179.5,89.0,151.8,247.1
injected,C4,,1800,900,900,1.0,0.9957,1.0,382.8,320.6,0.0,207.8,354.6,577.1
injected,C5,qwen3.5:9b,1800,900,222,0.2467,0.2196,0.2759,145.6,145.6,186.7,94.4,161.0,262.1
injected,C6,qwen3.5:9b,1800,900,736,0.8178,0.8056,0.8311,382.8,137.2,0.0,89.0,151.8,247.1
injected,C0,,1800,900,900,1.0,0.9957,1.0,0.0,1000.0,0.0,648.3,1106.2,1800.4
injected,C1,,1800,900,427,0.4744,0.442,0.5071,268.3,0.0,0.0,0.0,0.0,0.0
injected,C2,,1800,900,614,0.6822,0.6511,0.7118,382.8,0.0,0.0,0.0,0.0,0.0
injected,C3,gemma4:e2b,1800,900,868,0.9644,0.9502,0.9747,648.9,266.1,174.7,172.5,294.4,479.1
injected,C4,,1800,900,900,1.0,0.9957,1.0,382.8,320.6,0.0,207.8,354.6,577.1
injected,C5,gemma4:e2b,1800,900,267,0.2967,0.2677,0.3273,276.1,276.1,181.7,179.0,305.4,497.1
injected,C6,gemma4:e2b,1800,900,851,0.9456,0.9367,0.9556,382.8,266.1,0.0,172.5,294.4,479.1
injected,C0,,1800,900,900,1.0,0.9957,1.0,0.0,1000.0,0.0,648.3,1106.2,1800.4
injected,C1,,1800,900,427,0.4744,0.442,0.5071,268.3,0.0,0.0,0.0,0.0,0.0
injected,C2,,1800,900,614,0.6822,0.6511,0.7118,382.8,0.0,0.0,0.0,0.0,0.0
injected,C3,gemma4:12b,1800,900,811,0.9011,0.8799,0.9189,511.1,128.3,256.8,83.2,142.0,231.1
injected,C4,,1800,900,900,1.0,0.9957,1.0,382.8,320.6,0.0,207.8,354.6,577.1
injected,C5,gemma4:12b,1800,900,209,0.2322,0.2058,0.2609,135.0,135.0,267.0,87.5,149.3,243.1
injected,C6,gemma4:12b,1800,900,728,0.8089,0.7967,0.8222,382.8,128.3,0.0,83.2,142.0,231.1
injected,C0,,1800,900,900,1.0,0.9957,1.0,0.0,1000.0,0.0,648.3,1106.2,1800.4
injected,C1,,1800,900,427,0.4744,0.442,0.5071,268.3,0.0,0.0,0.0,0.0,0.0
injected,C2,,1800,900,614,0.6822,0.6511,0.7118,382.8,0.0,0.0,0.0,0.0,0.0
injected,C3,phi4:latest,1800,900,794,0.8822,0.8595,0.9017,502.8,120.0,121.2,77.8,132.7,216.0
injected,C4,,1800,900,900,1.0,0.9957,1.0,382.8,320.6,0.0,207.8,354.6,577.1
injected,C5,phi4:latest,1800,900,190,0.2111,0.1857,0.239,125.6,125.6,126.0,81.4,138.9,226.0
injected,C6,phi4:latest,1800,900,721,0.8011,0.7889,0.8133,382.8,120.0,0.0,77.8,132.7,216.0
injected,C0,,1800,900,900,1.0,0.9957,1.0,0.0,1000.0,0.0,648.3,1106.2,1800.4
injected,C1,,1800,900,427,0.4744,0.442,0.5071,268.3,0.0,0.0,0.0,0.0,0.0
injected,C2,,1800,900,614,0.6822,0.6511,0.7118,382.8,0.0,0.0,0.0,0.0,0.0
injected,C3,gemma4:e4b,1800,900,881,0.9789,0.9673,0.9864,607.2,224.4,178.5,145.5,248.3,404.1
injected,C4,,1800,900,900,1.0,0.9957,1.0,382.8,320.6,0.0,207.8,354.6,577.1
injected,C5,gemma4:e4b,1800,900,281,0.3122,0.2828,0.3432,233.9,233.9,185.7,151.6,258.7,421.1
injected,C6,gemma4:e4b,1800,900,814,0.9044,0.8922,0.9167,382.8,224.4,0.0,145.5,248.3,404.1
natural,C0,,224,29,29,1.0,0.883,1.0,0.0,1000.0,0.0,648.3,1106.2,1800.4
natural,C1,,224,29,0,0.0,0.0,0.117,0.0,0.0,0.0,0.0,0.0,0.0
natural,C2,,224,29,0,0.0,0.0,0.117,0.0,0.0,0.0,0.0,0.0,0.0
natural,C3,openbmb/minicpm5:q4_K_M,224,29,13,0.4483,0.2841,0.6245,616.1,616.1,169.0,399.4,681.5,1109.2
natural,C4,,224,29,29,1.0,0.883,1.0,0.0,1000.0,0.0,648.3,1106.2,1800.4
natural,C5,openbmb/minicpm5:q4_K_M,224,29,13,0.4483,0.2841,0.6245,616.1,616.1,169.0,399.4,681.5,1109.2
natural,C6,openbmb/minicpm5:q4_K_M,224,29,17,0.5862,0.4483,0.7931,0.0,616.1,0.0,399.4,681.5,1109.2
natural,C0,,224,29,29,1.0,0.883,1.0,0.0,1000.0,0.0,648.3,1106.2,1800.4
natural,C1,,224,29,0,0.0,0.0,0.117,0.0,0.0,0.0,0.0,0.0,0.0
natural,C2,,224,29,0,0.0,0.0,0.117,0.0,0.0,0.0,0.0,0.0,0.0
natural,C3,qwen3.5:2b-q4_K_M,224,29,29,1.0,0.883,1.0,991.1,991.1,386.0,642.5,1096.3,1784.3
natural,C4,,224,29,29,1.0,0.883,1.0,0.0,1000.0,0.0,648.3,1106.2,1800.4
natural,C5,qwen3.5:2b-q4_K_M,224,29,29,1.0,0.883,1.0,991.1,991.1,386.0,642.5,1096.3,1784.3
natural,C6,qwen3.5:2b-q4_K_M,224,29,28,0.9655,0.9655,1.0,0.0,991.1,0.0,642.5,1096.3,1784.3
natural,C0,,224,29,29,1.0,0.883,1.0,0.0,1000.0,0.0,648.3,1106.2,1800.4
natural,C1,,224,29,0,0.0,0.0,0.117,0.0,0.0,0.0,0.0,0.0,0.0
natural,C2,,224,29,0,0.0,0.0,0.117,0.0,0.0,0.0,0.0,0.0,0.0
natural,C3,granite4.1:3b,224,29,5,0.1724,0.076,0.3455,174.1,174.1,168.0,112.9,192.6,313.5
natural,C4,,224,29,29,1.0,0.883,1.0,0.0,1000.0,0.0,648.3,1106.2,1800.4
natural,C5,granite4.1:3b,224,29,5,0.1724,0.076,0.3455,174.1,174.1,168.0,112.9,192.6,313.5
natural,C6,granite4.1:3b,224,29,5,0.1724,0.069,0.3103,0.0,174.1,0.0,112.9,192.6,313.5
natural,C0,,224,29,29,1.0,0.883,1.0,0.0,1000.0,0.0,648.3,1106.2,1800.4
natural,C1,,224,29,0,0.0,0.0,0.117,0.0,0.0,0.0,0.0,0.0,0.0
natural,C2,,224,29,0,0.0,0.0,0.117,0.0,0.0,0.0,0.0,0.0,0.0
natural,C3,phi4-mini:latest,224,29,9,0.3103,0.1728,0.4923,281.2,281.2,290.0,182.3,311.1,506.4
natural,C4,,224,29,29,1.0,0.883,1.0,0.0,1000.0,0.0,648.3,1106.2,1800.4
natural,C5,phi4-mini:latest,224,29,9,0.3103,0.1728,0.4923,281.2,281.2,290.0,182.3,311.1,506.4
natural,C6,phi4-mini:latest,224,29,8,0.2759,0.1379,0.4483,0.0,281.2,0.0,182.3,311.1,506.4
natural,C0,,224,29,29,1.0,0.883,1.0,0.0,1000.0,0.0,648.3,1106.2,1800.4
natural,C1,,224,29,0,0.0,0.0,0.117,0.0,0.0,0.0,0.0,0.0,0.0
natural,C2,,224,29,0,0.0,0.0,0.117,0.0,0.0,0.0,0.0,0.0,0.0
natural,C3,qwen3.5:4b,224,29,17,0.5862,0.4074,0.7449,433.0,433.0,533.0,280.8,479.0,779.6
natural,C4,,224,29,29,1.0,0.883,1.0,0.0,1000.0,0.0,648.3,1106.2,1800.4
natural,C5,qwen3.5:4b,224,29,17,0.5862,0.4074,0.7449,433.0,433.0,533.0,280.8,479.0,779.6
natural,C6,qwen3.5:4b,224,29,12,0.4138,0.2759,0.5862,0.0,433.0,0.0,280.8,479.0,779.6
natural,C0,,224,29,29,1.0,0.883,1.0,0.0,1000.0,0.0,648.3,1106.2,1800.4
natural,C1,,224,29,0,0.0,0.0,0.117,0.0,0.0,0.0,0.0,0.0,0.0
natural,C2,,224,29,0,0.0,0.0,0.117,0.0,0.0,0.0,0.0,0.0,0.0
natural,C3,llama3.1:8b,224,29,0,0.0,0.0,0.117,0.0,0.0,341.0,0.0,0.0,0.0
natural,C4,,224,29,29,1.0,0.883,1.0,0.0,1000.0,0.0,648.3,1106.2,1800.4
natural,C5,llama3.1:8b,224,29,0,0.0,0.0,0.117,0.0,0.0,341.0,0.0,0.0,0.0
natural,C6,llama3.1:8b,224,29,0,0.0,0.0,0.0,0.0,0.0,0.0,0.0,0.0,0.0
natural,C0,,224,29,29,1.0,0.883,1.0,0.0,1000.0,0.0,648.3,1106.2,1800.4
natural,C1,,224,29,0,0.0,0.0,0.117,0.0,0.0,0.0,0.0,0.0,0.0
natural,C2,,224,29,0,0.0,0.0,0.117,0.0,0.0,0.0,0.0,0.0,0.0
natural,C3,granite4.1:8b,224,29,11,0.3793,0.2269,0.56,272.3,272.3,274.0,176.6,301.2,490.3
natural,C4,,224,29,29,1.0,0.883,1.0,0.0,1000.0,0.0,648.3,1106.2,1800.4
natural,C5,granite4.1:8b,224,29,11,0.3793,0.2269,0.56,272.3,272.3,274.0,176.6,301.2,490.3
natural,C6,granite4.1:8b,224,29,7,0.2414,0.1379,0.4138,0.0,272.3,0.0,176.6,301.2,490.3
natural,C0,,224,29,29,1.0,0.883,1.0,0.0,1000.0,0.0,648.3,1106.2,1800.4
natural,C1,,224,29,0,0.0,0.0,0.117,0.0,0.0,0.0,0.0,0.0,0.0
natural,C2,,224,29,0,0.0,0.0,0.117,0.0,0.0,0.0,0.0,0.0,0.0
natural,C3,qwen3.5:9b,224,29,4,0.1379,0.055,0.3056,142.9,142.9,560.0,92.6,158.0,257.2
natural,C4,,224,29,29,1.0,0.883,1.0,0.0,1000.0,0.0,648.3,1106.2,1800.4
natural,C5,qwen3.5:9b,224,29,4,0.1379,0.055,0.3056,142.9,142.9,560.0,92.6,158.0,257.2
natural,C6,qwen3.5:9b,224,29,4,0.1379,0.0345,0.2759,0.0,142.9,0.0,92.6,158.0,257.2
natural,C0,,224,29,29,1.0,0.883,1.0,0.0,1000.0,0.0,648.3,1106.2,1800.4
natural,C1,,224,29,0,0.0,0.0,0.117,0.0,0.0,0.0,0.0,0.0,0.0
natural,C2,,224,29,0,0.0,0.0,0.117,0.0,0.0,0.0,0.0,0.0,0.0
natural,C3,gemma4:e2b,224,29,27,0.931,0.7804,0.9809,781.2,781.2,545.0,506.5,864.2,1406.6
natural,C4,,224,29,29,1.0,0.883,1.0,0.0,1000.0,0.0,648.3,1106.2,1800.4
natural,C5,gemma4:e2b,224,29,27,0.931,0.7804,0.9809,781.2,781.2,545.0,506.5,864.2,1406.6
natural,C6,gemma4:e2b,224,29,22,0.7586,0.6207,0.8966,0.0,781.2,0.0,506.5,864.2,1406.6
natural,C0,,224,29,29,1.0,0.883,1.0,0.0,1000.0,0.0,648.3,1106.2,1800.4
natural,C1,,224,29,0,0.0,0.0,0.117,0.0,0.0,0.0,0.0,0.0,0.0
natural,C2,,224,29,0,0.0,0.0,0.117,0.0,0.0,0.0,0.0,0.0,0.0
natural,C3,gemma4:12b,224,29,2,0.069,0.0191,0.2196,102.7,102.7,801.0,66.6,113.6,184.9
natural,C4,,224,29,29,1.0,0.883,1.0,0.0,1000.0,0.0,648.3,1106.2,1800.4
natural,C5,gemma4:12b,224,29,2,0.069,0.0191,0.2196,102.7,102.7,801.0,66.6,113.6,184.9
natural,C6,gemma4:12b,224,29,2,0.069,0.0,0.2069,0.0,102.7,0.0,66.6,113.6,184.9
natural,C0,,224,29,29,1.0,0.883,1.0,0.0,1000.0,0.0,648.3,1106.2,1800.4
natural,C1,,224,29,0,0.0,0.0,0.117,0.0,0.0,0.0,0.0,0.0,0.0
natural,C2,,224,29,0,0.0,0.0,0.117,0.0,0.0,0.0,0.0,0.0,0.0
natural,C3,phi4:latest,224,29,7,0.2414,0.1222,0.4211,138.4,138.4,378.0,89.7,153.1,249.2
natural,C4,,224,29,29,1.0,0.883,1.0,0.0,1000.0,0.0,648.3,1106.2,1800.4
natural,C5,phi4:latest,224,29,7,0.2414,0.1222,0.4211,138.4,138.4,378.0,89.7,153.1,249.2
natural,C6,phi4:latest,224,29,4,0.1379,0.0345,0.2759,0.0,138.4,0.0,89.7,153.1,249.2
natural,C0,,224,29,29,1.0,0.883,1.0,0.0,1000.0,0.0,648.3,1106.2,1800.4
natural,C1,,224,29,0,0.0,0.0,0.117,0.0,0.0,0.0,0.0,0.0,0.0
natural,C2,,224,29,0,0.0,0.0,0.117,0.0,0.0,0.0,0.0,0.0,0.0
natural,C3,gemma4:e4b,224,29,20,0.6897,0.5077,0.8272,513.4,513.4,557.0,332.8,567.9,924.3
natural,C4,,224,29,29,1.0,0.883,1.0,0.0,1000.0,0.0,648.3,1106.2,1800.4
natural,C5,gemma4:e4b,224,29,20,0.6897,0.5077,0.8272,513.4,513.4,557.0,332.8,567.9,924.3
natural,C6,gemma4:e4b,224,29,14,0.4828,0.3448,0.6897,0.0,513.4,0.0,332.8,567.9,924.3
