quantity,run,scored_set,models,median,maximum,minimum,below_chance,not_lower_than_source
balanced_accuracy,injected_detect_v1,all,12,0.5494,0.6317,0.5,0,
youdens_j,injected_detect_v1,all,12,0.0989,0.2633,0.0,0,
balanced_accuracy,injected_detect_v2,all,12,0.5731,0.6456,0.5,0,
youdens_j,injected_detect_v2,all,12,0.1461,0.2911,0.0,0,
balanced_accuracy,m1_name_full_v1,all,12,0.6933,0.8033,0.4983,1,
youdens_j,m1_name_full_v1,all,12,0.3867,0.6067,-0.0033,1,
balanced_accuracy,m1_name_full_v1_unconstrained,all,12,0.67,0.7967,0.4933,1,
youdens_j,m1_name_full_v1_unconstrained,all,12,0.34,0.5933,-0.0133,1,
balanced_accuracy,m1_name_full_v2,all,12,0.6358,0.7867,0.5,0,
youdens_j,m1_name_full_v2,all,12,0.2717,0.5733,0.0,0,
balanced_accuracy,m1_name_name_only_held_v1,all,12,0.5116,0.5533,0.4933,1,
youdens_j,m1_name_name_only_held_v1,all,12,0.0234,0.1067,-0.0133,1,
balanced_accuracy,m1_name_name_only_v1,all,12,0.5033,0.525,0.4867,2,
youdens_j,m1_name_name_only_v1,all,12,0.0066,0.05,-0.0267,2,
balanced_accuracy,m1_name_neither_v1,all,12,0.5,0.5033,0.485,2,
youdens_j,m1_name_neither_v1,all,12,0.0,0.0067,-0.03,2,
balanced_accuracy,m1_name_tags_only_held_v1,all,12,0.4933,0.5183,0.4833,7,
youdens_j,m1_name_tags_only_held_v1,all,12,-0.0133,0.0367,-0.0333,7,
balanced_accuracy,m1_name_tags_only_v1,all,12,0.4983,0.5233,0.47,6,
youdens_j,m1_name_tags_only_v1,all,12,-0.0034,0.0467,-0.06,6,
balanced_accuracy,natural_name_v1,adjudicated,12,0.5109,0.6012,0.4036,4,
youdens_j,natural_name_v1,adjudicated,12,0.0219,0.2025,-0.1927,4,
balanced_accuracy,natural_name_v1,decidable_core,12,0.5293,0.6139,0.3662,3,
youdens_j,natural_name_v1,decidable_core,12,0.0587,0.2278,-0.2677,3,
balanced_accuracy,natural_name_v1_unconstrained,adjudicated,12,0.5065,0.6064,0.4377,5,
youdens_j,natural_name_v1_unconstrained,adjudicated,12,0.0129,0.2127,-0.1247,5,
balanced_accuracy,natural_name_v1_unconstrained,decidable_core,12,0.5098,0.6166,0.3964,3,
youdens_j,natural_name_v1_unconstrained,decidable_core,12,0.0197,0.2332,-0.2072,3,
balanced_accuracy,natural_name_v2,adjudicated,12,0.4971,0.5565,0.434,6,
youdens_j,natural_name_v2,adjudicated,12,-0.0059,0.113,-0.1321,6,
balanced_accuracy,natural_name_v2,decidable_core,12,0.5011,0.6004,0.4023,4,
youdens_j,natural_name_v2,decidable_core,12,0.0022,0.2008,-0.1954,4,
fall_in_balanced_accuracy,m1_name_full_v1 to natural_name_v1,adjudicated,12,0.1346,0.3111,-0.0243,,3
fall_in_youdens_j,m1_name_full_v1 to natural_name_v1,adjudicated,12,0.2691,0.622,-0.0488,,3
fall_in_balanced_accuracy,m1_name_full_v1 to natural_name_v1,decidable_core,12,0.1249,0.3232,-0.015,,3
fall_in_youdens_j,m1_name_full_v1 to natural_name_v1,decidable_core,12,0.2499,0.6466,-0.0301,,3
