rule,class,true_positive,false_negative,true_negative,false_positive,recall,recall_low,recall_high,false_positive_rate,balanced_accuracy,youdens_j
any_rule,all,206,694,860,40,0.2289,0.2026,0.2575,0.0444,0.5922,0.1844
category_token_contradiction,all,23,877,868,32,0.0256,0.0171,0.0381,0.0356,0.495,-0.01
duplicate_distant_name,all,182,718,895,5,0.2022,0.1773,0.2297,0.0056,0.5983,0.1967
gazetteer_place_name,all,3,897,895,5,0.0033,0.0011,0.0098,0.0056,0.4989,-0.0022
any_rule,M1,179,121,289,11,0.5967,0.5403,0.6506,0.0367,0.78,0.56
any_rule,M2,3,97,95,5,0.03,0.0103,0.0845,0.05,0.49,-0.02
any_rule,M3,4,96,94,6,0.04,0.0157,0.0984,0.06,0.49,-0.02
any_rule,S1,0,100,98,2,0.0,0.0,0.037,0.02,0.49,-0.02
any_rule,S2,7,93,95,5,0.07,0.0343,0.1375,0.05,0.51,0.02
any_rule,S3,10,90,93,7,0.1,0.0552,0.1744,0.07,0.515,0.03
any_rule,S4,3,97,96,4,0.03,0.0103,0.0845,0.04,0.495,-0.01
category_token_contradiction,M1,0,300,294,6,0.0,0.0,0.0126,0.02,0.49,-0.02
category_token_contradiction,M2,2,98,95,5,0.02,0.0055,0.07,0.05,0.485,-0.03
category_token_contradiction,M3,1,99,95,5,0.01,0.0018,0.0545,0.05,0.48,-0.04
category_token_contradiction,S1,0,100,99,1,0.0,0.0,0.037,0.01,0.495,-0.01
category_token_contradiction,S2,7,93,96,4,0.07,0.0343,0.1375,0.04,0.515,0.03
category_token_contradiction,S3,10,90,93,7,0.1,0.0552,0.1744,0.07,0.515,0.03
category_token_contradiction,S4,3,97,96,4,0.03,0.0103,0.0845,0.04,0.495,-0.01
duplicate_distant_name,M1,179,121,299,1,0.5967,0.5403,0.6506,0.0033,0.7967,0.5933
duplicate_distant_name,M2,1,99,100,0,0.01,0.0018,0.0545,0.0,0.505,0.01
duplicate_distant_name,M3,2,98,99,1,0.02,0.0055,0.07,0.01,0.505,0.01
duplicate_distant_name,S1,0,100,99,1,0.0,0.0,0.037,0.01,0.495,-0.01
duplicate_distant_name,S2,0,100,100,0,0.0,0.0,0.037,0.0,0.5,0.0
duplicate_distant_name,S3,0,100,99,1,0.0,0.0,0.037,0.01,0.495,-0.01
duplicate_distant_name,S4,0,100,99,1,0.0,0.0,0.037,0.01,0.495,-0.01
gazetteer_place_name,M1,1,299,296,4,0.0033,0.0006,0.0186,0.0133,0.495,-0.01
gazetteer_place_name,M2,1,99,100,0,0.01,0.0018,0.0545,0.0,0.505,0.01
gazetteer_place_name,M3,1,99,100,0,0.01,0.0018,0.0545,0.0,0.505,0.01
gazetteer_place_name,S1,0,100,100,0,0.0,0.0,0.037,0.0,0.5,0.0
gazetteer_place_name,S2,0,100,99,1,0.0,0.0,0.037,0.01,0.495,-0.01
gazetteer_place_name,S3,0,100,100,0,0.0,0.0,0.037,0.0,0.5,0.0
gazetteer_place_name,S4,0,100,100,0,0.0,0.0,0.037,0.0,0.5,0.0
