model,family,parameters_b,j_full,j_name_only,j_tags_only,j_neither
gemma4:12b,gemma4,11.9,0.5833,-0.0267,-0.06,0.0
gemma4:e2b,gemma4,5.1,0.1233,0.0267,-0.0067,-0.0033
gemma4:e4b,gemma4,8.0,0.47,0.05,0.0167,0.0067
granite4.1:3b,granite41,3.4,0.3267,0.01,-0.0133,-0.03
granite4.1:8b,granite41,8.8,0.4833,0.03,0.0067,0.0067
llama3.1:8b,llama31,8.0,0.0,0.0,0.0,0.0
openbmb/minicpm5:q4_K_M,minicpm5,1.1,-0.0033,0.0033,0.0067,0.0
phi4-mini:latest,phi4,3.8,0.2767,0.01,-0.03,0.0
phi4:latest,phi4,14.7,0.5133,-0.0067,-0.0067,0.0
qwen3.5:2b-q4_K_M,qwen35,2.3,0.0033,0.0033,0.0467,0.0
qwen3.5:4b,qwen35,4.7,0.4467,0.02,0.0067,0.0
qwen3.5:9b,qwen35,9.7,0.6067,0.0,-0.0233,0.0
pool median,,,0.3867,0.0066,-0.0034,0.0
