city,country,language,hypothesis_maturity,lat,lon,named,phone,opening_hours,website,address,named_per_km2,eligible,failed_thresholds,measured_on
London,GB,english,mature,51.5074,-0.1278,62165,14464,11206,23114,39181,197.88,True,,2026-08-01
Birmingham,GB,english,mature,52.4862,-1.8904,18337,3391,1688,4649,5949,58.37,True,,2026-08-01
Manchester,GB,english,mature,53.4808,-2.2426,13732,2428,1884,3827,7460,43.71,True,,2026-08-01
Dublin,IE,english,mature,53.3498,-6.2603,16304,3752,2814,6269,7216,51.9,True,,2026-08-01
Cork,IE,english,mature,51.8985,-8.4756,4507,1405,810,1570,1844,14.35,True,,2026-08-01
Limerick,IE,english,mature,52.6638,-8.6267,2668,458,466,506,462,8.49,False,named,2026-08-01
Toronto,CA,english,mature,43.6532,-79.3832,23041,5798,3812,6160,8212,73.34,True,,2026-08-01
Montreal,CA,non_english,mature,45.5019,-73.5674,20006,4629,4529,5148,6541,63.68,True,,2026-08-01
Vancouver,CA,english,mature,49.2827,-123.1207,14782,5482,5758,6751,6657,47.05,True,,2026-08-01
Auckland,NZ,english,mature,-36.8485,174.7633,13941,3097,2631,3711,1884,44.38,True,,2026-08-01
Wellington,NZ,english,mature,-41.2866,174.7756,3471,595,883,1167,781,11.05,True,,2026-08-01
Christchurch,NZ,english,mature,-43.5321,172.6362,6557,1742,1633,2190,2385,20.87,True,,2026-08-01
Nairobi,KE,english,developing,-1.2864,36.8172,14202,1336,2490,483,2980,45.21,True,,2026-08-01
Mombasa,KE,english,developing,-4.0435,39.6682,1239,37,36,93,449,3.94,False,named;phone;opening_hours;website,2026-08-01
Kisumu,KE,english,developing,-0.0917,34.768,2292,496,554,263,155,7.3,False,named,2026-08-01
Accra,GH,english,developing,5.6037,-0.187,9432,2114,1779,713,2694,30.02,True,,2026-08-01
Kumasi,GH,english,developing,6.6885,-1.6244,1875,272,216,159,151,5.97,False,named,2026-08-01
Tamale,GH,english,developing,9.4008,-0.8393,665,78,77,38,42,2.12,False,named;phone;opening_hours;website;address,2026-08-01
Lagos,NG,english,developing,6.5244,3.3792,1090,60,62,104,149,3.47,False,named;phone;opening_hours,2026-08-01
Kano,NG,english,developing,12.0022,8.592,710,11,22,11,59,2.26,False,named;phone;opening_hours;website;address,2026-08-01
Ibadan,NG,english,developing,7.3775,3.947,499,7,35,11,49,1.59,False,named;phone;opening_hours;website;address,2026-08-01
Kampala,UG,english,developing,0.3476,32.5825,11612,2332,3730,738,2606,36.96,True,,2026-08-01
Gulu,UG,english,developing,2.7746,32.299,933,375,413,25,50,2.97,False,named;website;address,2026-08-01
Mbarara,UG,english,developing,-0.6072,30.6545,475,25,21,10,26,1.51,False,named;phone;opening_hours;website;address,2026-08-01
Manila,PH,english,developing,14.5995,120.9842,34899,2252,4236,1785,9906,111.09,True,,2026-08-01
Cebu,PH,english,developing,10.3157,123.8854,8091,583,864,336,1285,25.75,True,,2026-08-01
Davao,PH,english,developing,7.1907,125.4553,706,32,25,6,73,2.25,False,named;phone;opening_hours;website;address,2026-08-01
Berlin,DE,non_english,mature,52.52,13.405,51517,15880,25420,22806,28252,163.98,True,,2026-08-01
Hamburg,DE,non_english,mature,53.5511,9.9937,24060,8026,13013,10384,9490,76.59,True,,2026-08-02
Munich,DE,non_english,mature,48.1351,11.582,29392,11189,15988,13905,15396,93.56,True,,2026-08-02
Amsterdam,NL,non_english,mature,52.3676,4.9041,18928,5203,6155,9758,11980,60.25,True,,2026-08-02
Rotterdam,NL,non_english,mature,51.9244,4.4777,11631,3817,3187,5925,7807,37.02,True,,2026-08-02
The Hague,NL,non_english,mature,52.0705,4.3007,15612,3257,3722,6905,10409,49.69,True,,2026-08-02
Warsaw,PL,non_english,mature,52.2297,21.0122,32069,7701,16537,9782,9802,102.08,True,,2026-08-02
Kraków,PL,non_english,mature,50.0647,19.945,16077,2900,6632,4867,4326,51.17,True,,2026-08-02
Łódź,PL,non_english,mature,51.7592,19.456,8495,2101,2507,2297,3144,27.04,True,,2026-08-02
Prague,CZ,non_english,mature,50.0755,14.4378,24223,6050,11416,8818,4980,77.1,True,,2026-08-02
Brno,CZ,non_english,mature,49.1951,16.6068,10544,2630,5733,3881,3225,33.56,True,,2026-08-01
Ostrava,CZ,non_english,mature,49.8209,18.2625,3965,580,1692,1384,366,12.62,True,,2026-08-02
Paris,FR,non_english,mature,48.8566,2.3522,97902,28243,35962,26494,13891,311.63,True,,2026-08-02
Marseille,FR,non_english,mature,43.2965,5.3698,11935,2342,2799,2582,889,37.99,True,,2026-08-02
Lyon,FR,non_english,mature,45.764,4.8357,23771,8895,11421,7890,1214,75.67,True,,2026-08-02
İstanbul,TR,non_english,developing,41.0082,28.9784,32352,5462,3941,3166,14355,102.98,True,,2026-08-01
Ankara,TR,non_english,developing,39.9334,32.8597,9257,1918,1117,884,1370,29.47,True,,2026-08-01
İzmir,TR,non_english,developing,38.4237,27.1428,7867,1309,500,545,553,25.04,True,,2026-08-01
Lima,PE,non_english,developing,-12.0464,-77.0428,26293,2528,2004,2436,5950,83.69,True,,2026-08-01
Arequipa,PE,non_english,developing,-16.409,-71.5375,6139,581,353,436,1283,19.54,True,,2026-08-02
Trujillo,PE,non_english,developing,-8.1116,-79.0288,6874,174,165,77,898,21.88,False,phone;website,2026-08-02
Quito,EC,non_english,developing,-0.1807,-78.4678,18579,1205,1322,814,5159,59.14,True,,2026-08-01
Guayaquil,EC,non_english,developing,-2.1894,-79.8891,12374,643,669,406,2877,39.39,True,,2026-08-02
Cuenca,EC,non_english,developing,-2.9001,-79.0059,8636,661,923,349,871,27.49,True,,2026-08-02
Jakarta,ID,non_english,developing,-6.2088,106.8456,20896,1346,2210,1441,2429,66.51,True,,2026-08-02
Surabaya,ID,non_english,developing,-7.2575,112.7521,7373,312,667,385,1045,23.47,True,,2026-08-01
Bandung,ID,non_english,developing,-6.9175,107.6191,8944,246,1479,515,1278,28.47,True,,2026-08-02
Ho Chi Minh City,VN,non_english,developing,10.8231,106.6297,10303,1204,1341,964,1416,32.8,True,,2026-08-02
Hanoi,VN,non_english,developing,21.0285,105.8542,13590,1899,1493,1765,4059,43.26,True,,2026-08-02
Da Nang,VN,non_english,developing,16.0544,108.2022,4094,535,508,339,326,13.03,True,,2026-08-01
