item_id,name,city,label_reader_b,evidence_reader_b,url_reader_b,note_reader_b,label_reader_a,evidence_reader_a,url_reader_a,note_reader_a,adjudicated_label,adjudication_reason
N004,Veld 2,Rotterdam,belongs,google maps,,,cannot_say,google maps; web search,,Generic bir isme benziyor ve kaynaklardan bu ismi doğrulayamadım.,,
N025,Eğitim Sen İzmir 2 Nolu Şube - Karşıyaka,İzmir,belongs,google maps,,,cannot_say,google maps; web search,,250 m yakınında böyle bir yer var.,,
N035,Kotoko Family Chop Bar,Accra,belongs,google maps,,,wrong,google maps; web search,,,,
N037,La Costurera,Cebu,wrong,google maps,,,belongs,web search; register or directory,,,,
N042,Mae Castro Jumamoy Residence,Cebu,belongs,google maps,,,wrong,google maps; web search,,,,
N046,Dawa Chemist,Nairobi,belongs,google maps,,,wrong,google maps; web search,,,,
N048,ecco,Cork,cannot_say,google maps,,aynı isimde en yakın şirket yaklaşık olarak 10 km uzakta,belongs,google maps,,,,
N052,Kisii,Nairobi,cannot_say,google maps,,,wrong,google maps,,Generic bir isim sanırım. Bu isimde başka yerler çıkıyor.,,
N067,Slam Estudio de Grabación,Cuenca,wrong,google maps,,Slam Estudio de Grabación adında bir işletme bulamadım,belongs,google maps,,,,
N069,chemist,Nairobi,belongs,google maps,,,wrong,google maps,,,,
N078,VHS Unterhaching,Munich,belongs,google maps,,,cannot_say,google maps,,Haritada birkaç km uzaklıkta benzer isimde bir okul var ama emin olamadım.,,
N084,Avenue Chemist,Accra,belongs,google maps,,,cannot_say,google maps,,Aynı isimde birkaç yer var ama belirtilen konumda değil 5 km  den uzak yerlerde,,
N092,Must Thai Foot&Body massage,Cebu,belongs,google maps,,,cannot_say,google maps,,Nuat tai massage diye bir yer var aynı konumda isim yanlış yazılmış olabilir.,,
N104,Roma Dondurma,İzmir,wrong,google maps,,2.2 km uzaklıkta,belongs,web search; own website,,,,
N105,Gimnasio al aire libre,Cuenca,wrong,google maps,,5.7 km uzaklıkta,cannot_say,google maps; web search,,Genel bir isme benziyor parkın içinde böyle bir yer olabilir ama teyit edemedim.,,
N118,Florence,Rotterdam,wrong,google maps; web search,,Florence adında bir restoran göremedim,belongs,google maps; street imagery,,,,
N135,South Gate Bridge,Cork,belongs,google maps,,,cannot_say,google maps; web search; own website,,Bu isim adında bir köprü var ama kategori olarak bisiklet kiralama yerini doğrulayamıyorum.,,
N136,T-Mans Matumbo Butchery,Nairobi,wrong,google maps,,,cannot_say,google maps; web search,,250m ötede matumbo butchery diye bir yer var ama emin olamadım.  Generic bir isim olabilir. Orası da başka bir yer olabilir.,,
N151,Christ the king clinic,Nairobi,wrong,google maps,,,belongs,google maps; street imagery,,,,
N152,La hacienda,Cuenca,wrong,google maps,,,cannot_say,google maps; web search,,Benzer isimlerde başka yerlerde yerler var ama bu konumda var mı doğrulayamıyorum.,,
N160,Kahve Deryasi,İzmir,wrong,google maps,,,belongs,google maps,,,,
N162,M Pesa,Nairobi,wrong,google maps,,,cannot_say,google maps,,,,
N165,Ebenezer pharmacy,Accra,wrong,google maps,,4.5 km uzakta,cannot_say,google maps,,2.5 km ötede bir aynı isimli eczane var ama bu konumda yok.,,
N166,Reinhard Sträter,Munich,wrong,google maps,,,belongs,google maps; web search; register or directory,,,,
N169,Green Card Mtaani,Nairobi,cannot_say,google maps,,yaklaşık 200 metre ilerde benzer isimde bir yer var,belongs,google maps,,,,
N175,Evo,Vancouver,belongs,google maps,,,cannot_say,google maps,,Generic isim. Her yerde yer alabilir. Burada tespit edilemiyor.,,
N178,Posho mill,Nairobi,wrong,google maps,,yaklaşık 12 km uzakta,cannot_say,google maps; web search,,Genel bir isim herhalde. Varlığını/yokluğunu doğrulayamıyorum.,,
N180,Hair Quarters,Accra,wrong,google maps,,16.3 km uzakta,cannot_say,google maps,,30 dk araba mesafesinde aynı isimde bir yer var ama bu konumdakini doğrulayamıyorum.,,
N187,Little India,Cebu,wrong,google maps,,1.9 km uzakta,cannot_say,google maps,,,,
N198,Salón de recepciones el colibries,Cuenca,belongs,google maps,,,cannot_say,google maps,,Benzer bir isimde bir yer var ama emin olamıyorum.,,
N202,Butchery,Nairobi,wrong,google maps,,350 m uzakta,cannot_say,google maps,,Genel bir isim ve bu konumda böyle bir yer google hapste yok. İsim genel olduğundan başka kaynaklardan doğrulayamadım.,,
N206,Sartoria,London,wrong,google maps,,1.9 km uzakta,cannot_say,google maps,,genel isim burada böyle bir yer yok.,,
N219,chemist,Nairobi,wrong,google maps,,en yakın eczane 250 m uzakta,cannot_say,google maps,,,,
N225,Beylerbeyi,İzmir,belongs,google maps,,,cannot_say,google maps; web search,,,,
N230,Transmax chemist,Nairobi,wrong,google maps,,8.2 km uzakta,cannot_say,google maps; web search,,,,
N233,Cebu Air Mail Express and Cargo,Cebu,belongs,google maps,,,wrong,google maps,,Burada Fedex var ama bu şirket yok.,,
N240,Desire of Ages Cooperative Credit Union,Accra,wrong,google maps,,2 km uzakta,cannot_say,google maps,,,,
N241,Bostanlı Odağı,İzmir,belongs,google maps,,,cannot_say,google maps,,,,
N245,Buckin Coffee,İzmir,wrong,google maps,,2.3 km uzakta,cannot_say,google maps,,,,
N246,South Park,Cebu,wrong,google maps,,4 km uzakta,cannot_say,google maps,,,,
N249,Yayasan Haji Muhammad Cheng Hoo Indonesia,Surabaya,belongs,google maps,,,cannot_say,google maps,,,,
