item_id,name,category,addr:city,addr:street,addr:housenumber,phone,opening_hours,website,lat,lon,label,evidence_url
N001,O'Keeffe's Bakery,office=company,Ballincollig,Westpoint Business Park,,+353 21 486 0103,,https://www.okeeffesbakery.ie/,51.8851,-8.58138,,
N002,Fakulta regionálního rozvoje a mezinárodních studií,amenity=university,,,,,,,49.21839,16.61427,,
N003,Suren,amenity=restaurant,Burnaby,Hastings Street,4624,,,,49.28086,-122.99934,,
N004,Veld 2,leisure=pitch,,,,,,,51.96006,4.60452,,
N005,Bayraklı 1 No'lu Sağlık Ocağı,amenity=clinic,,,,,,,38.46813,27.17738,,
N006,Sherwood,amenity=restaurant,,Rokytova,1933,,We-Fr 15:00-21:00; Sa 12:00-21:00; Su 12:00-20:00,https://www.restauracesherwood.cz/,49.20777,16.65255,,
N007,Batman,tourism=artwork,,,,,,,51.51055,-0.12944,,
N008,Marquez,shop=bakery,,,,,,,-2.89286,-79.03181,,
N009,Cinderella’s Closet,shop=clothes,,,,+353 21 422 5000,"Mo,We 10:00-18:00; Th-Sa 10:00-17:00",https://cinderellascloset.ie/,51.924,-8.48818,,
N010,In God We Trust,shop=kiosk,,,,,,,5.60244,-0.23597,,
N011,Müller Café & Bäckerei,shop=bakery,München,Hohenzollernstraße,84,+49 89 383 804 83,Mo-Fr 07:00-18:00; Sa 07:00-17:00; Su 08:00-17:00,https://hm-gmbh.de/filialen-karte/mueller-cafe-baeckerei-2023-06-19-13-17-03-kurfuerstenplatz.html,48.16043,11.57526,,
N012,Terra Breads,amenity=cafe,,Manitoba Street,1605,+1-604-877-1183,Mo-Su 07:30-17:00,https://www.terrabreads.com/,49.27144,-123.10684,,
N013,Permafix,office=company,,,,,,,5.57737,-0.21705,,
N014,KANU Office,office=government,,,,,,,-1.31136,36.78763,,
N015,Olympia,amenity=restaurant,Rotterdam,Schiedamse Vest,2,+31 10 4334949,"Mo,We,Th 16:00-22:00; Fr,Sa,Su 12:00-22:30",https://olympiakitchenbar.nl/,51.91727,4.48031,,
N016,Michl,shop=bakery,,,,,Mo-Fr 06:30-18:30; Sa 08:00-14:00; Su 08:00-13:00,,48.12717,11.5586,,
N017,Barberohan Sa Mango,shop=hairdresser,,,,,,,10.31096,123.90294,,
N018,Katastrální úřad pro Jihomoravský kraj,office=government,Brno,Moravské náměstí,1,+420 542 521 111,"Mo,We 08:00-17:00; Tu,Th 08:00-14:00; Fr 08:00-12:00",https://cuzk.gov.cz/ku/jihomoravsky,49.19828,16.6085,,
N019,Actal advocaten en fiscalisten,office=lawyer,,,,,,,51.90765,4.4955,,
N020,Çağatay Market,shop=convenience,,,,,,,38.45079,27.10771,,
N021,Gedung Serbaguna Poltekbang Surabaya,amenity=college,,,,,,,-7.33415,112.73586,,
N022,BİM,shop=supermarket,,,,,Mo-Su 09:00-21:00,,38.37709,27.18094,,
N023,Veja,shop=shoes,,,,,,,51.51357,-0.12689,,
N024,Pc Kinyanjui Technical Training Institute,amenity=college,,,,,,,-1.29582,36.73433,,
N025,Eğitim Sen İzmir 2 Nolu Şube - Karşıyaka,office=ngo,İZMİR,1690. Sokak,6/1,+90 232 3642706,Mo-Fr 09:00-17:00,https://egitimsen.org.tr/,38.45624,27.119,,
N026,Steinmetz,craft=carpenter,,,,,,,48.15794,11.64376,,
N027,Lapangan Jalan Bogowonto,leisure=pitch,,,,,,,-7.2889,112.73234,,
N028,Hotel Lion,tourism=hotel,Modřice,Havlíčkova,1016,+420 602 663 843,,https://hotellion.cz,49.12518,16.60882,,
N029,Fourth Avenue Dental Clinic,amenity=dentist,,West 4th Avenue,1905,,,,49.26824,-123.14825,,
N030,Holland Riooltechniek HRT,office=company,Rotterdam,Hekendorpstraat,35,+31 10 292 3630,,https://www.hrt.nl/vestigingen/19/rotterdam.html,51.87197,4.54121,,
N031,König,amenity=driving_school,München,Hohenzollernstraße,90,,Mo-Fr 15:00-18:00,,48.16057,11.5739,,
N032,McDonald's,amenity=fast_food,,,,,,,38.48184,27.05605,,
N033,Ultra Mart,shop=convenience,,,,,,,10.24479,123.83929,,
N034,Small Victory,amenity=cafe,,Marinaside Crescent,1089,+1-604-336-6025,08:00-17:00,https://www.smallvictory.ca/,49.27366,-123.11846,,
N035,Kotoko Family Chop Bar,amenity=fast_food,Accra,,E124/14,,,,5.58175,-0.19545,,
N036,Leuchtenberg,amenity=driving_school,,,,,,,48.13657,11.60951,,
N037,La Costurera,craft=tailor,,Governor M. Cuenco Avenue,,,,,10.34118,123.91303,,
N038,Queen's Park Books,shop=books,London,Salusbury Road,87,,,,51.53581,-0.20512,,
N039,Tersus,office=company,,,,,,https://tersus.ie/,51.84618,-8.46757,,
N040,Metzgerei Probst,shop=butcher,München,Waldfriedhofstraße,68,+49 89 7149551,"Tu-Fr 07:00-18:30; Sa 07:00-12:30; Mo,Su,PH off",http://metzgerei-probst.de/,48.11268,11.50746,,
N041,Lidl Electric Vehicle Rapid Chargers,amenity=charging_station,,,,,,,51.88706,-8.60981,,
N042,Mae Castro Jumamoy Residence,tourism=guest_house,,,,,,,10.27064,123.94333,,
N043,Restaurace v zatáčce,amenity=restaurant,,Absolonova,836/10a,+420604460660,Mo-Th 11:00-22:00; Fr 11:00-23:00; Sa 12:00-23:00; Su 12:00-22:00,https://restaurace-v-zatacce.eatbu.com/,49.21886,16.55688,,
N044,The Cabin,amenity=fast_food,London,Greenwich Church Street,2a,,,,51.48031,-0.00898,,
N045,Dental Ayala,amenity=dentist,,,,,,,-2.91316,-78.99742,,
N046,Dawa Chemist,shop=chemist,,,,0722415187,08:00-20:00,,-1.31143,36.78784,,
N047,Vinotéka Staré Hory,amenity=bar,Brno,Drobného,10,,Mo-Sa 16:00-21:00,,49.20485,16.61358,,
N048,ecco,office=company,,,,,,,51.9364,-8.54521,,
N049,Rosa,shop=florist,,,,,,,49.33757,-123.10067,,
N050,Cutting Edge Hair,shop=hairdresser,,,,,,,51.49431,-0.14208,,
N051,Kanadell Japanese Bakery,shop=bakery,Vancouver,East Hastings Street,3596,+1-604-423-5969,We-Sa 10:00-20:00; Su 10:00-16:00,https://www.kanadell.com/,49.28097,-123.02611,,
N052,Kisii,amenity=drinking_water,,,,,"05:00-06:00,19:00-22:00",,-1.26192,36.85552,,
N053,Aquariums West,shop=pet,Vancouver,Beatty Street,788,+1-604-669-9249,Mo-Fr 11:00-17:00; Sa-Su 11:00-18:00,https://aquariumswest.com/,49.27763,-123.11368,,
N054,Şok,shop=supermarket,,,,,,,38.43138,27.17485,,
N055,VapourPal,shop=e-cigarette,,,,,,,51.88888,-8.59032,,
N056,Lal Kiosk,shop=gift,,,,,,,51.50683,-0.12187,,
N057,Edge Kitchen,craft=caterer,Vancouver,East Hastings Street,1927,+16048767226,Mo-Fr 08:00-15:00,https://www.edgecatering.ca/,49.28145,-123.06493,,
N058,Bounce Hair Salon,shop=hairdresser,Cork,Washington Street,4A,+353 21 427 8982,,,51.89781,-8.47588,,
N059,Carpo,shop=coffee,,Montpelier Street,5,+44 20 7584 2777,,https://carpoworld.com/carpo-knightsbridge-3/,51.49895,-0.16581,,
N060,MED-EL Care Center,shop=hearing_aids,,Pettenkoferstraße,4a,,,https://www.medel.de,48.13442,11.56441,,
N061,Karl Lagerfeld,shop=clothes,Modřice,U Dálnice,777,+420 731 434 968,Mo-Fr 10:00-21:00; Sa-Su 09:00-21:00,https://www.karl.com/,49.13796,16.63299,,
N062,BDO,amenity=bank,,,,,,,10.3255,123.91825,,
N063,Lovedoll,shop=erotic,Rotterdam,Pleinweg,238D,+31 10 842 4987,,https://www.lovedoll-store.com/,51.89205,4.47598,,
N064,Al Saher,shop=hairdresser,London,Crawford Place,6,,,,51.51781,-0.16628,,
N065,Harar,amenity=restaurant,London,South Lambeth Road,49,+44 20 7735 8915,Mo-Su 13:00-23:00,https://hararrestaurant.co.uk/,51.48223,-0.12413,,
N066,Kenkey Joint,amenity=fast_food,,,,,,,5.57273,-0.23069,,
N067,Slam Estudio de Grabación,amenity=driving_school,,Allcuquiro,,,,,-2.89468,-78.98272,,
N068,Motor Vehicle Inspection Service,office=government,,,,,,,10.322,123.92578,,
N069,chemist,shop=chemist,,,,,Mo-Fr 08:30-20:00,,-1.25936,36.86921,,
N070,Cosum,amenity=restaurant,,,,,,,-2.89074,-78.99962,,
N071,Kumon,office=educational_institution,,,,,,,-7.27879,112.76588,,
N072,Leaf and  Bower,shop=books,Ballincollig,Main Street,,+353212018191,Tu-Sa 10:00-17:30,,51.8879,-8.59249,,
N073,Notting Hill Gate Hotel,tourism=hotel,London,Clanricarde Gardens,7,+44 20 7243 3203,,https://www.nottinghillgatehotel.co.uk,51.5102,-0.19298,,
N074,Natural Vitality,shop=convenience,,,,,,,-2.89776,-78.97702,,
N075,Ascension,shop=convenience,,,,,,,5.57567,-0.15319,,
N076,BOOR,office=educational_institution,Rotterdam,Schiekade,34,+31 10 2540800,,https://stichtingboor.nl,51.93042,4.47102,,
N077,Legacy Capital,office=financial,,,,+233 27 750 6509,,,5.66654,-0.20438,,
N078,VHS Unterhaching,amenity=school,Unterhaching,Hofmarkweg,7,,,https://www.vhs-unterhaching.de,48.06649,11.61048,,
N079,Bima,amenity=restaurant,,,,,,,-7.27997,112.77062,,
N080,Greenwich,amenity=fast_food,,,,,,,10.33869,123.91169,,
N081,B2B Signs,office=company,,Blackstone Bridge,,+353 21 430 3180,"Mo-Th 08:45-17:30; Fr 08:45-16:30,Mo-Fr 13:00-14:00 off",https://www.b2bsigns.ie/,51.92003,-8.50223,,
N082,Karabağlar Halk Eğitim Merkezi,office=educational_institution,,,,,,,38.39246,27.09557,,
N083,Honolulu Coffee,amenity=cafe,Vancouver,West 2nd Avenue,97,,08:00-17:00,,49.26947,-123.10637,,
N084,Avenue Chemist,shop=chemist,Accra,Teiku Baah Street,,0503360101,,,5.61425,-0.24523,,
N085,Pirtek,shop=wholesale,London,"Roman Way Industrial Estate, Roman Way",,,,,51.54326,-0.1143,,
N086,Sargent & Co,shop=bicycle,London,Mountgrove Road,,,,,51.56119,-0.09672,,
N087,Salon del Reino Testigos de Jehová Orquídeas Altas Bajas,amenity=place_of_worship,,,,,,,-2.86574,-78.98504,,
N088,Parrilladas Don Froy,amenity=restaurant,,,,,,,-2.88758,-79.03571,,
N089,Messy Buns,shop=bakery,,,,,,,51.89878,-8.45167,,
N090,Billa,shop=supermarket,,,,,Mo-Sa 07:00-21:00; Su 08:00-21:00,,49.23852,16.58409,,
N091,Cork Counselling - The Hazelton Clinic,amenity=clinic,Cork,Douglas Road,,+353214936006,Mo-Sa 08:30-21:00,https://hazelton.ie/,51.88389,-8.44741,,
N092,Must Thai Foot&Body massage,shop=massage,,,,,,,10.31724,123.90255,,
N093,Arca Cars,shop=car,,,,,,,-2.88773,-79.01043,,
N094,PC Bee Mactan,craft=electronics_repair,,,,,,,10.31442,123.95895,,
N095,Mueblería,shop=furniture,,,,,,,-2.88206,-78.95191,,
N096,QNB Finansbank,amenity=atm,,,,,,,38.4569,27.10677,,
N097,Gourmet (burger) bistro,shop=vacant,Cork,Bridge Street,8,+353 21 450 5404,,http://www.gourmetburgerbistro.ie,51.90113,-8.47011,,
N098,La Golosina,amenity=fast_food,,Eduardo Arias,,4080467,Mo-Sa 10:00-19:00,,-2.89719,-79.02596,,
N099,Costigan’s,amenity=pub,Cork,Washington Street,11,+353 21 427 3350,,http://costiganspub.ie,51.89737,-8.4802,,
N100,KCB - Kenyatta National Hospital,amenity=atm,,,,,,,-1.30114,36.80692,,
N101,WANDERFIT,leisure=fitness_centre,Brno,Milady Horákové,2024/25,,Mo-Fr 08:00-18:00; Sa 09:00-13:00,https://wanderfit.cz/,49.20155,16.61505,,
N102,Hl. Kreuz,amenity=place_of_worship,München,Forstenrieder Allee,180a,,,,48.08527,11.49434,,
N103,Adidas,shop=sports,,,,,,,-2.89369,-79.02465,,
N104,Roma Dondurma,amenity=ice_cream,,,,,,,38.45698,27.09866,,
N105,Gimnasio al aire libre,leisure=fitness_station,,,,,,,-2.90686,-79.0316,,
N106,Big Feet,shop=massage,,East Hastings Street,2741,+1-604-559-9599,,https://bigfeet.ca/120-2741-e-hastings-st-vancouver-bc/,49.28129,-123.04839,,
N107,Reis Turkish Barber,shop=hairdresser,,,,,,,51.91778,-8.39684,,
N108,Rumah Sakit Bhayangkara HS Samsoeri Mertojoso,amenity=hospital,"Ketintang, Gayungan, Surabaya, East Java",Jalan Jend. A. Yani,No.116,,,http://rs-bhayangkarasurabaya.jatim.polri.go.id/,-7.32431,112.7303,,
N109,Sankt-Veit-Straße,amenity=taxi,,,,,,,48.12177,11.64195,,
N110,Service Apotheek Portland,amenity=pharmacy,Rhoon,Langstraat,9,+31 10 493 33 55,Mo-Fr 08:00-17:30; PH off,https://www.serviceapotheek.nl/portland/,51.85722,4.47092,,
N111,mybet.com,amenity=gambling,,,,,,,5.60892,-0.10861,,
N112,Il Mercato,shop=mall,,East 1st Avenue,1641,,"Mo-Fr 07:30-23:00, Sa 07:30-23:00, Su,PH 10:00-22:00",,49.27007,-123.07038,,
N113,Dinas Pemadam Kebakaran Pos Kali Rungkut,amenity=fire_station,Jalan Raya Rungkut Nomor 35,,,,,,-7.32215,112.77,,
N114,Pamukkale,office=travel_agent,,,,,,,38.39341,27.05807,,
N115,Wei xiao,amenity=restaurant,,,,+6283854190088,Mo-Th 10:00-22:00; Fr-Su 10:00-23:00,http://www.loveweixiao.com/,-7.29325,112.67624,,
N116,Hechter,shop=clothes,,,,,,,48.10148,11.64544,,
N117,clouds,shop=e-cigarette,,Dawson Street,4381,+1-604-428-7268,,https://cloudsvancouver.com/,49.26462,-123.00663,,
N118,Florence,amenity=restaurant,Barendrecht,Havenhoofd,7,+31 6 44197008,Tu-Fr 14:00-22:00; Sa-Su 16:00-22:00,https://florancebarendrecht.nl/,51.84592,4.49778,,
N119,Las Margaritas,amenity=restaurant,Vancouver,West 4th Avenue,1999,,,,49.26832,-123.15008,,
N120,Republic of Oud,shop=perfumery,Cork,Winthrop Arcade,Unit 11,+353 85 8201805,Mo-Sa 11:00-17:30,https://www.republicofoud.com/,51.89822,-8.47071,,
N121,Communal,amenity=cafe,"Manyar Sabrangan, Surabaya, Jawa Timur, Indonesia",Jalan Kertajaya Indah Tengah,No. 24,,,,-7.28216,112.77627,,
N122,Pizzeria Ristorante Sul Campo,amenity=restaurant,Brno,Fanderlíkova,3083/17,,Mo-Fr 11:00-23:00; Sa 12:00-23:00,https://www.sulcampobrno.cz/,49.21234,16.5723,,
N123,Moriash Makeups and Beauty Shop,shop=beauty,Accra,Baba Alhamdu Street,,0243133990,Mo-Sa 08:00-18:00,,5.59262,-0.1903,,
N124,pona chemist,shop=chemist,,,,,Mo-Fr 08:30-20:00,,-1.25979,36.86884,,
N125,Corkscrew Inn,tourism=guest_house,,West 2nd Avenue,2735,+1-604-733-7276,,https://www.corkscrewinn.com/home,49.27032,-123.16721,,
N126,Santa Maria,shop=convenience,,,,,,,-2.90416,-79.01088,,
N127,The ARC,leisure=fitness_centre,,,,,,,49.26775,-123.24977,,
N128,Notaria 11°,office=lawyer,,Benigno Malo,6-72,(07) 2831-882,,,-2.89865,-79.00522,,
N129,Lush,shop=cosmetics,Vancouver,,,,"Mo, Tu, Su 10:00-19:00; We-Fr 10:00-21:00; Sa 10:00-20:00",,49.28263,-123.11902,,
N130,No Frills,shop=supermarket,Vancouver,East Hastings Street,1460,,Mo-Su 08:00-21:00,,49.28099,-123.07461,,
N131,Řečkovice (MHD),tourism=information,,,,,,,49.24708,16.57939,,
N132,Call a Pizza,amenity=fast_food,,,,,,,48.15995,11.53802,,
N133,Cospharm Pharmacy,shop=chemist,,,,,,,51.4211,-0.16061,,
N134,NL=US,tourism=gallery,Rotterdam,Mauritsweg,55B,,"We-Th ""by appointment""; Fr-Su 12:00-17:00",https://nlisus.com/,51.91754,4.47304,,
N135,South Gate Bridge,amenity=bicycle_rental,,,,,,https://www.bikeshare.ie/,51.89547,-8.47586,,
N136,T-Mans Matumbo Butchery,shop=butcher,,,,,,,-1.31474,36.78351,,
N137,Sunny Art,shop=clothes,Brno,Pekařská,8,,Mo-Fr 09:00-18:00,,49.1924,16.60383,,
N138,MUNIK - Ausbildungsinstitut für Kinder- und Jugendlichenpsychotherapie der LMU München,healthcare=psychotherapist,,Leopoldstraße,44,,,https://www.lmu.de/psy/de/munik/index.html,48.15701,11.58485,,
N139,Hudson,amenity=restaurant,,,,,,,51.91702,4.48033,,
N140,Ars Vivendi,tourism=hotel,München,Anglerstraße,19,+49 89 50 80 70 0,,https://www.hotel-ars-vivendi.de/,48.1326,11.53804,,
N141,Ağam,shop=confectionery,,,,,,,38.45767,27.09803,,
N142,FIP Universitas Negeri Surabaya,amenity=university,,,,,,,-7.25576,112.75584,,
N143,Dinas Kebakaran Pos Jambangan,amenity=fire_station,,,,,,,-7.32208,112.71375,,
N144,Gro-up,office=foundation,Berkel en Rodenrijs,Spoorhaven,10,,,https://www.gro-up.nl,51.97656,4.45993,,
N145,Dr Vinyl,shop=music,London,,,,,,51.42894,-0.16638,,
N146,Easyfill,amenity=car_wash,,,,,Mo-Fr 07:00-20:00; Sa 08:00-20:00; Su 09:00-20:00,,51.93069,4.43535,,
N147,AfterCurve,shop=massage,Schiedam,Dam,52B,+31 6 39865205;+31 6 44657266,,https://www.aftercurve.nl/,51.91809,4.39419,,
N148,Dance Studio Martins,amenity=dancing_school,,Albert-Roßhaupter-Straße,33,+49 89 705120,,https://www.fabinesa.de/,48.11657,11.533,,
N149,Twist,shop=clothes,,West 4th Avenue,2952,,,https://twistfashions.com/,49.26827,-123.17132,,
N150,Haco,shop=furniture,Vlaardingen,Gerard Burgerlaan,30,+31 10 4601763,,https://www.haco.nu/haco-vlaardingen,51.91747,4.33682,,
N151,Christ the king clinic,amenity=clinic,,,,,,,-1.31051,36.79479,,
N152,La hacienda,shop=convenience,,,,,,,-2.89902,-79.00718,,
N153,Liberty Tax,office=tax_advisor,,Victoria Drive,5457,,,,49.2348,-123.0657,,
N154,Övgü Terzibaşıoğlu Anadolu Lisesi,amenity=school,,,,,,,38.39611,27.0958,,
N155,Prince of Wales Park,leisure=park,,,,,,,49.2441,-123.1569,,
N156,Ramón,amenity=restaurant,,,,,,,-2.90468,-79.01019,,
N157,World Peace Garden,leisure=garden,,,,,,,51.55546,-0.16542,,
N158,Mabuhay Boarding Hause,tourism=hostel,,,,,,,10.31946,123.96651,,
N159,Lesník,tourism=information,,,,,,,49.19871,16.51969,,
N160,Kahve Deryasi,amenity=cafe,,,,,,,38.40202,27.11714,,
N161,Instacoin ATM,amenity=atm,,,,,Mo-Sa 10:00-18:00; Su 10:00-17:00,https://www.instacoinatm.com/bitcoin-north-vancouver-looney-world-en.html,49.32259,-123.0721,,
N162,M Pesa,shop=kiosk,,,,,,,-1.26346,36.84931,,
N163,Sentro Sa Katilingban (STC-Cebu),craft=tailor,,,,,,,10.31102,123.89715,,
N164,Medea,amenity=pharmacy,,Ečerova,1148/2a,+420 546 215 061,Mo-Fr 08:00-19:00; Sa 08:00-15:00,https://www.medeabrno.eu/,49.21873,16.51041,,
N165,Ebenezer pharmacy,amenity=pharmacy,,,,,,,5.56629,-0.1836,,
N166,Reinhard Sträter,shop=hairdresser,,,,,,,48.14907,11.60381,,
N167,Efes,amenity=restaurant,London,Commercial Road,230,+44 20 7790 3299,Mo-Su 12:00-01:00,https://efesgroup.co.uk/,51.51443,-0.05846,,
N168,Bogati,amenity=ice_cream,,,,,,,-2.90612,-79.00952,,
N169,Green Card Mtaani,office=ngo,,,,0720336611,,,-1.31754,36.80069,,
N170,P.C.E.A Kariobangi South Church,amenity=place_of_worship,,,,,,https://pcea.or.ke/,-1.26617,36.88354,,
N171,Kratos Gym,leisure=fitness_centre,,Avenida Yana Urco,,,Mo-Fr 05:00-23:00,,-2.89431,-78.97887,,
N172,Kamil Koç,shop=travel_agency,,,,,,,38.45603,27.12164,,
N173,Hickey's Pharmacy,shop=chemist,Ballincollig,Main Street,Unit 16,,,,51.88881,-8.59165,,
N174,'t Hoekje,shop=tobacco,Rotterdam,Crooswijksesingel,2A,,,,51.93006,4.49102,,
N175,Evo,amenity=car_sharing,,,,,,,49.25881,-123.25093,,
N176,Fedex Shipment Center,office=company,,Manuel L. Quezon Avenue,5,,,,10.33891,123.93632,,
N177,Tienda y restaurante,amenity=restaurant,,,,,,,-2.86594,-78.94553,,
N178,Posho mill,shop=kiosk,,,,,,,-1.31574,36.86477,,
N179,Subway,amenity=fast_food,Vancouver,Kingsway,1349,+1-604-439-9192,"Mo-Fr 08:00-23:00; Sa,Su 09:00-22:00",,49.23186,-123.02938,,
N180,Hair Quarters,shop=beauty,Accra,Teiku Baah Street,,,,,5.61211,-0.24495,,
N181,B12 Alchemist,shop=mobile_phone_accessories,,Tomboya street,,0742725569,,,-1.28291,36.82435,,
N182,Las Acacias,amenity=pharmacy,,,,,,,-2.90765,-79.01915,,
N183,ČSOB Pojišťovna,office=insurance,Brno,Renneská třída,14,,Mo-Th 09:00-17:00; Fr 09:00-14:00,,49.18261,16.60046,,
N184,Smyrna,shop=hairdresser,,,,,,,38.40664,27.10262,,
N185,Potters Place Mission,amenity=place_of_worship,Vancouver,East Hastings Street,21,+1-604-688-2968,,http://pottersplacemission.com/,49.28159,-123.10382,,
N186,Rakovec,tourism=information,,,,,,,49.27258,16.6075,,
N187,Little India,amenity=restaurant,,,,,,,10.30962,123.8958,,
N188,Tonis Getränkemarkt,shop=beverages,München,Burgkmairstraße,48,,Mo 12:00-19:00; Tu-Fr 10:00-19:00; Sa 09:00-14:00,,48.13124,11.51094,,
N189,McCauley,amenity=pharmacy,,,,,"Mo-Sa 09:00-18:00; Th,Fr 09:00-19:00; Su 12:00-18:00",https://www.mccauley.ie/,51.91507,-8.47143,,
N190,Pette's Events Concept,amenity=events_venue,,,,,,,10.31091,123.94795,,
N191,Heritage Park,leisure=park,,,,,,,10.29878,123.90362,,
N192,VIP Fitness & Lifestyle,leisure=fitness_centre,,,,,"""covid by appt""",,49.26381,-123.1399,,
N193,Parrillada argentina,amenity=restaurant,,,,,,,-2.90658,-79.00975,,
N194,3 Sisters Food Joint,amenity=fast_food,Accra,Afum Lane,,0543533824,Mo-Sa 08:00-18:00,,5.61344,-0.23769,,
N195,Bob Fostner,shop=car,London,Park Lane,118-127,+44 20 7629 7020,Mo-Fr 09:00-18:00,http://www.bobforstner.co.uk/,51.512,-0.15731,,
N196,Pantita Thai Massage and Spa,shop=massage,,,,,,,5.56583,-0.1741,,
N197,Bistro Barl Shanu,shop=alcohol,,,,,,,-2.88471,-78.99024,,
N198,Salón de recepciones el colibries,amenity=community_centre,,Unión Soviética,,,,,-2.86233,-78.93425,,
N199,Pizza Hut Delivery,amenity=fast_food,London,Knight's Hill,24,+44 20 8670 7007,Mo-We 11:00-23:00; Th-Sa 11:00-24:00; Su 11:00-23:00,https://www.pizzahut.co.uk/huts/uk-1/866-west-norwood/,51.43253,-0.10403,,
N200,Ambar,shop=clothes,,,,,,,38.45727,27.11667,,
N201,İzmir İl Millî Eğitim Müdürlüğü,office=government,,847/1,,+90 232 280 35 00,,,38.41596,27.13077,,
N202,Butchery,shop=butcher,,,,,,,-1.30747,36.78886,,
N203,Ahmet Piriştina Kent Arşivi ve Müzesi,tourism=museum,,,,,,,38.42498,27.13792,,
N204,Erin,amenity=ice_cream,,,,,,,51.93185,-8.56802,,
N205,Recharge Cartridges Cork,shop=printer_ink,Ballincollig,Chapel Lane,1,+353 21 487 7746,,https://rechargecartridgescork.ie/,51.88755,-8.59015,,
N206,Sartoria,shop=clothes,London,Middlesex Street,133,,,,51.51805,-0.07919,,
N207,Johnson's Pharmacy,amenity=pharmacy,,,,,,,51.89296,-8.50486,,
N208,Sergen,amenity=pharmacy,,,,,"Mo-Sa,PH 07:00-11:00",,5.6,-0.255,,
N209,Pasar Buah Pegirian,amenity=marketplace,,,,,,,-7.22366,112.75197,,
N210,Oranje,shop=car_repair,Rotterdam,Van Duylstraat,90a,+31 10 477 1114,,,51.91152,4.44331,,
N211,Isabella,amenity=restaurant,Schiedam,Hoogstraat,131,,,,51.91684,4.39727,,
N212,Castles,office=estate_agent,,,,+44 20 8985 0106,Mo-We 09:00-18:30; Th 09:00-19:00; Fr 09:00-18:00; Sa 09:00-17:00,https://www.castles.london/,51.55152,-0.05155,,
N213,Mery,shop=hairdresser,,,,,,,-2.86947,-78.92597,,
N214,BDO Rotterdam,office=tax_advisor,Rotterdam,K.P. van der Mandelelaan,40,+31 10 242 4600,Mo-Fr 08:00-17:30,https://www.bdo.nl/nl-nl/locaties/bdo-rotterdam,51.91805,4.533,,
N215,Cinema XXI TP,amenity=cinema,,,,,,,-7.26343,112.73921,,
N216,New Health Order,healthcare=alternative,,Herzogstraße,89,+49 175 1513694; +49 89 12503337,,,48.16266,11.57225,,
N217,OREA Hotel Santon,amenity=charging_station,,,,,24/7,,49.23073,16.51855,,
N218,Upper Room Cork Church,amenity=place_of_worship,Cork,Union Quay,5,,,https://upperroomcork.com/,51.89688,-8.46698,,
N219,chemist,shop=chemist,,,,,Mo-Fr 08:30-20:00,,-1.25939,36.86772,,
N220,Automotores Yuquilema,shop=car,,,,,,,-2.88713,-78.99557,,
N221,De Plantage,leisure=park,,,,,,,51.91128,4.40365,,
N222,National Lottery Authority,office=government,,,,,,,5.54669,-0.20144,,
N223,Elkay Properties,shop=estate_agent,,,,,,https://www.elkayproperties.co.uk,51.52686,-0.08148,,
N224,Bitcoinmat.sk,amenity=atm,,,,,24/7,https://bitcoinmat.org/bitcoinmat/brno-hlavni-nadrazi-nadrazni-418-1-vpravo-od-hlavneho-vstupu,49.19114,16.6129,,
N225,Beylerbeyi,shop=convenience,,,,,,,38.45832,27.11581,,
N226,Korek wine bar,amenity=bar,Brno,Lidická,12,,"Mo-Fr 15:00-24:00; Sa 00:00-02:00,12:00-24:00; Su 00:00-02:00,12:00-22:00",https://www.korekwinebar.cz/,49.20108,16.60852,,
N227,Beko,shop=gift,,Spintex Road,,,,,5.63122,-0.14283,,
N228,Foot Locker,shop=shoes,,,,,Mo-Sa 10:00-21:00; Su 12:00-18:00,https://stores.footlocker.co.uk/gb-thr/whitecity/20-ariel-way-1323_31_04292.html,51.50796,-0.22217,,
N229,UPT Taman Budaya Dinas Kebudayaan & Pariwisata Prov. Jatim,office=government,,,,,,,-7.2567,112.73976,,
N230,Transmax chemist,amenity=pharmacy,,,,,,,-1.25752,36.869,,
N231,Knihovna Jiřího Mahena,amenity=library,Brno,Křížová,24,,"Mo,We 14:00-18:00",,49.18733,16.59419,,
N232,Grilovaná kuřata,shop=kiosk,,,,,Mo-Fr 10:00-16:00,,49.22805,16.59242,,
N233,Cebu Air Mail Express and Cargo,office=company,,Manuel L. Quezon Avenue,6,,,,10.33892,123.93633,,
N234,Větrník,amenity=ice_cream,,,,,,,49.25122,16.58226,,
N235,Southgate,amenity=school,,,,,,,5.65078,-0.26108,,
N236,Konak,shop=convenience,,,,,,,38.42052,27.13002,,
N237,Rumah Kertajaya Homestay,tourism=guest_house,,,,,,,-7.27851,112.78794,,
N238,Selvili Mescit,amenity=place_of_worship,,,,,,,38.41905,27.14649,,
N239,Flower,amenity=cafe,München,Dachauer Straße,114,,Mo 10:00-15:00; Tu-Fr 10:00-18:00; Su 12:00-18:00,https://cafe-flower.de/,48.15916,11.54822,,
N240,Desire of Ages Cooperative Credit Union,office=association,,,,,,,5.67456,-0.18181,,
N241,Bostanlı Odağı,amenity=bicycle_rental,,,,,,http://www.bisim.com.tr/istasyonlar.aspx,38.45607,27.09263,,
N242,Highbury,shop=alcohol,,,,,,,-1.27459,36.79966,,
N243,Mountain View Mall,shop=mall,,,,,,,-1.26561,36.74095,,
N244,Klinik Utama Pusura Rungkut,amenity=clinic,"Rungkut Kidul, Rungkut, Kota SBY, Jawa Timur, Indonesia",Jl. Rungkut Asri Tengah,2,,,,-7.32807,112.77525,,
N245,Buckin Coffee,amenity=cafe,Izmir,138. Sokak,24,,09:00-02:00,https://buckin.com.tr,38.38809,27.16492,,
N246,South Park,leisure=park,,,,,,,10.38456,123.92398,,
N247,Aldi Süd,shop=supermarket,München,Rosenheimer Straße,30,,Mo-Sa 07:30-20:00,https://filialen.aldi-sued.de/bayern/muenchen/rosenheimer-strasse-30,48.12991,11.59121,,
N248,Battersea Nails & Beauty,shop=beauty,London,,107,,,,51.46118,-0.17401,,
N249,Yayasan Haji Muhammad Cheng Hoo Indonesia,office=religion,,,,,,https://chenghoo.co/,-7.25241,112.74707,,
N250,Salvation Army BC Divisional Headquarters,office=charity,,Henning Drive,3833,+1-604-299-3908,,https://salvationarmy.ca/bc/,49.26545,-123.02027,,
N251,Fiore,shop=clothes,Berkel en Rodenrijs,Kerksingel,19,,"Tu-Th 10:00-17:30; Fr 10:00-18:00; Sa 10:00-17:00 || ""by appointment""",https://fiorewomen.nl,51.99291,4.47772,,
N252,Dierenkliniek Berkel en Rodenrijs,amenity=veterinary,Berkel en Rodenrijs,Rodenrijseweg,55b,+31 10 511 4546,"Mo-Fr 09:00-12:00,13:30-16:30,18:30-19:30",https://www.dkberkelenrodenrijs.nl,51.99068,4.47294,,
N253,"DISCOS Y HELADERIA ""ZONA FRÍO""",shop=yes,,,,,,,-2.88406,-78.99008,,
N254,BULOG,office=government,,,,,,,-7.32786,112.73027,,
N255,Umělá obnova lesa,tourism=information,,,,,,,49.20131,16.51889,,
N256,Inci,shop=hairdresser,Rotterdam,Zwaanshals,253B,,,,51.93373,4.48607,,
N257,Sunset,amenity=bar,,,,,,,38.43514,27.14,,
N258,Streetside Carwash,amenity=car_wash,,V. Rama Avenue,,,Mo-Su 10:30-22:00,,10.31019,123.88637,,
N259,Heilig Blut,amenity=place_of_worship,Grünwald,Nördliche Münchner Straße,15,,,,48.065,11.54441,,
N260,waterfall,amenity=fountain,,,,,,,51.47367,-0.18327,,
N261,Giardino Restaurant,amenity=restaurant,Vancouver,Hornby Street,1328,,Tu-Sa 17:30-11:00+,,49.27695,-123.13007,,
N262,Kantor Balai RW V,office=government,,,,,,,-7.34066,112.7224,,
N263,Ultra Mart,office=company,,,,,,,10.33676,123.94866,,
N264,Al-Mer Gayrimenkul,shop=estate_agent,,,,,,,38.46274,27.10096,,
N265,Kloppenburg,office=lawyer,,,,,,,51.89493,4.49194,,
N266,Jehovah Jireh,shop=kiosk,Accra,Donnay Lane,,,Mo-Sa 08:00-18:00,,5.61121,-0.23622,,
N267,Studio Anyday,amenity=fast_food,,,,+639661349512,,,10.3504,123.91308,,
N268,Tako,amenity=fast_food,München,Hansastraße,73,+49 89 578 681 32,"Mo-Fr 11:00-14:30,17:00-21:00; Sa,Su 17:00-21:00",https://www.takomuenchen.de/,48.12473,11.53587,,
N269,Vredeskerk,amenity=place_of_worship,,,,,,https://www.svetatrojicaroterdam.com/,51.88622,4.50807,,
N270,Smithfield Market,amenity=marketplace,London,West Smithfield,,,Mo-Fr 02:00-10:00,https://www.smithfieldmarket.com/,51.51934,-0.10133,,
N271,Schoonenberg,shop=hearing_aids,Rotterdam,Maasstadweg,9,,,,51.88058,4.53479,,
N272,Hi-Precision Diagnostics,healthcare=laboratory,,Osmeña Boulevard,,+632 256 0151,"Mo-Fr 6:00-18:00, Sa 6:00-17:00, Su 6:00-14:00",https://www.hi-precision.com.ph/,10.31121,123.89304,,
N273,HearingLife,healthcare=audiologist,Vancouver,East 49th Avenue,2681,,,,49.22519,-123.05351,,
N274,Warkop Projo Anom,shop=coffee,,"Jl. Raya Menganti No.38, Jajar Tunggal, Kec. Wiyung, Surabaya, Jawa Timur",,,24/7,,-7.31257,112.70608,,
N275,Mahon Point P7,amenity=parking,,,,,,,51.88504,-8.39739,,
N276,La Paloma Basketball Court,leisure=pitch,,Lawa-an Street,,,,,10.30171,123.8747,,
N277,Focal Sight,shop=optician,,,,,,,10.33865,123.91168,,
N278,Cruz Azul,amenity=pharmacy,,Calle General Torres,,,,,-2.89642,-79.00673,,
N279,Queensland,tourism=motel,Cebu,V. Rama Avenue,,,,,10.30243,123.88645,,
N280,central hotel,tourism=apartment,,,,,,,51.57586,-0.19728,,
N281,Dollar & Dream,office=company,,,,,,,5.6077,-0.1786,,
N282,Geldmaat,shop=money,Rotterdam,Binnenwegplein,6a,,07:00-22:00,,51.91835,4.47933,,
N283,Future Star Centre,amenity=school,,,,0722216546,,,-1.31546,36.77516,,
N284,Greenwood,amenity=restaurant,London,Victoria Street,170,,,,51.49683,-0.14396,,
N285,Soba,amenity=restaurant,,,,,,,51.91641,-8.4729,,
N286,Star-shl,healthcare=laboratory,Barendrecht,Middeldijkerplein,9,,Mo-Fr 08:00-11:00,,51.84791,4.50148,,
N287,Virgen del camino,shop=religion,,,,,,,-2.87373,-78.94785,,
N288,Bebeth's Foodhouse,amenity=fast_food,,,,,,,10.34519,123.93088,,
N289,Větrník,shop=pastry,Brno,Lidická,38,+420 549 273 918,Mo-Su 11:00-19:00,https://vetrnik.cz/,49.20325,16.60723,,
N290,dipinto di blu Keramikmalstudio,shop=craft,München,Frundsbergstraße,13,+498920045676,"We 14:00-21:00, Th-Fr 14:00-20:00, Sa 11:00-19:00, Su 11:00-18:00",https://www.dipintodiblu.de,48.15495,11.53529,,
N291,Repair 4 All Euro Computers,shop=computer,Rotterdam,Hoogstraat,107B,,Mo 13:00-18:00; Tu-Th 10:00-18:00; Fr 10:00-21:00; Sa 10:00-17:00; Su 12:00-17:00,,51.92177,4.48943,,
N292,Makadara Law Courts,amenity=courthouse,Nairobi,Eastlands Crescent,,,Mo-Fr 08:00-17:00,https://judiciary.go.ke/,-1.2948,36.86045,,
N293,Rush,shop=sports,,,,,,,-2.89544,-79.01868,,
N294,T.C. Bayraklı Belediyesi Mustafa Kemal Atatürk Spor Salonu,leisure=sports_hall,,,,,,,38.46125,27.17399,,
N295,Delta Petrol Station,amenity=fuel,Ruaka,Limuru Road,,,,,-1.20916,36.7881,,
N296,3,tourism=information,,,,,,,-1.24865,36.82816,,
N297,Minimercado,amenity=marketplace,,,,,,,-2.86474,-78.94571,,
N298,Remax G8 Reality,office=estate_agent,,,,,,,49.19971,16.60609,,
N299,Katholische Akademie in Bayern,office=research,München,Mandlstraße,23,+49 89 38102-0,,https://www.kath-akademie-bayern.de/,48.15988,11.59114,,
N300,Meru,leisure=park,,,,,,,-1.33931,36.77103,,
N301,Rumotéka,amenity=bar,,,,,Mo-Fr 10:00-18:00,,49.1912,16.63426,,
N302,Horgan's Pharmacy,office=yes,,,,,,,51.91609,-8.47279,,
N303,4-4-2 Local Food Kitchen,amenity=fast_food,,,,,,,5.62433,-0.18847,,
N304,Dilan,amenity=restaurant,München,Gebsattelstraße,15,+49 89 1590 0097,"Mo-Fr 11:30-14:30,17:00-01:00, Sa 17:00-01:00, Su 10:00-15:00,17:00-01:00",,48.1242,11.5899,,
N305,Apotek Kimia Farma,amenity=pharmacy,,,,,,,-7.30984,112.73149,,
N306,Kitchen Connections,shop=kitchen,London,Garratt Lane,428,+44 20 8947 6180,,http://kitchenconnections.org.uk/,51.43973,-0.18703,,
N307,Moira,shop=clothes,,,,,"Mo-Fr 08:30-12:00, Mo-Fr 12:30-17:00; Sa,Su off",,49.19925,16.60289,,
N308,Manta,amenity=ice_cream,,,,,,,-1.29242,36.78562,,
N309,EarthLink,office=ngo,München,Frohschammerstraße,14,+49 89 356 521 02,,https://www.earthlink.de/,48.17896,11.56904,,
N310,St. Martin's,amenity=pharmacy,,,,,,,5.57939,-0.2733,,
N311,Gita's Café & Co,amenity=cafe,München,Franz-Joseph-Straße,26,,Mo-Fr 06:00-18:00,,48.15798,11.57938,,
N312,KANU office,amenity=public_building,,,,,,,-1.2622,36.86553,,
N313,Fish palace,shop=seafood,Rotterdam,Crooswijkseweg,86,,,,51.93158,4.49354,,
N314,Enos,shop=kiosk,,,,,,,-1.31867,36.77957,,
N315,Escape,amenity=language_school,London,Great Russell Street,90,,,,51.51804,-0.12729,,
N316,Masjid Syuhada,amenity=place_of_worship,,,,,,,-7.2603,112.75987,,
N317,SMP UNESA 1 Surabaya,amenity=school,,,,,,,-7.23502,112.72969,,
N318,Ampera,amenity=restaurant,,,,,,,-7.27199,112.76099,,
N319,Loesch,shop=armature,München,Schwanseestraße,53,,Mo-Th 07:00-17:00; Fr 07:00-16:00,https://myloesch.com/,48.10617,11.59743,,
N320,Ege Üniversitesi İnkılap Tarihi ve Atatürkçülük Bölümü Başkanlığı,amenity=university,,,,,,,38.46268,27.22427,,
N321,Taras,amenity=restaurant,Cebu,Don Ramon Aboitiz Street,,,,,10.31332,123.89638,,
N322,One Box,amenity=parcel_locker,Brno - Židenice,Viniční,4049/235,,24/7,,49.19821,16.65646,,
N323,Klíče - zámky - trezory,shop=locksmith,,Kollárova,431/8,,Mo-Fr 08:00-17:30,https://www.trezor.cz/,49.22605,16.59386,,
N324,Our Lady of Fatima,amenity=place_of_worship,,East 13th Avenue,1423,+1-604-879-0729,,https://olofvan.ca/,49.25897,-123.07476,,
N325,X Gate Cafe,leisure=amusement_arcade,"Kota Surabaya, East Java, Indonesia",Jalan Panjangjiwo Permai Selatan,,,,,-7.31296,112.76653,,
N326,Willow Park,leisure=park,,West 7th Avenue,802,,,,49.26485,-123.12205,,
N327,Home Credit,office=company,,,,,,,10.32554,123.92657,,
N328,"Church of Ireland United Dioceses of Cork, Cloyne and Ross Diocesan Office & Bishop's Office",office=religion,,,,,,,51.89488,-8.47458,,
N329,LAW,shop=stationery,,,,,,https://www.lawshop.cz/,49.17938,16.59588,,
N330,Makola Shoping Mail,shop=supermarket,,,,,,,5.54682,-0.20625,,
N331,Kantor Kecamatan Bubutan,office=government,,,,,,,-7.25165,112.73411,,
N332,Hospice IJsselPolder,amenity=social_facility,Rotterdam,Thomas Mannplaats,299,,,https://hospiceijsselpolder.nl/,51.96598,4.55318,,
N333,Etovet,amenity=veterinary,,,,,,,-2.91618,-79.02137,,
N334,Englischer Garten,leisure=park,,,,,,,48.16491,11.60622,,
N335,International Hotel & Tourism Institute,office=educational_institution,,,,,,,-1.2834,36.77932,,
N336,St. George Catholic Church,amenity=place_of_worship,,,,,,,5.59475,-0.22239,,
N337,Medusa,shop=tattoo,München,Altheimer Eck,11,+49 89 269 313,"Mo-Th 11:30-19:00; Fr,Sa 11:30-20:00",https://muenchen-tattoo-studio.de/,48.13737,11.5704,,
N338,Tayta Grill,amenity=restaurant,,,,,,,-2.90136,-79.00157,,
N339,baryum balik,shop=deli,,Atatürk Caddesi,,,,,38.43504,27.13964,,
N340,Özel Ege Lisesi,amenity=school,İzmir,119/1,3,,,https://www.egelisesi.k12.tr/,38.4644,27.24148,,
N341,Wanken Children Centre,amenity=school,,,,0711206875,,,-1.3172,36.79933,,
N342,Přírodní památka Pekárka,tourism=information,,,,,,,49.21105,16.52081,,
N343,Çakırlar Market,shop=convenience,,,,,Mo-Sa 09:00-22:00,,38.46534,27.20114,,
N344,Village Maasai Adult Centre,amenity=school,,,,,,,-1.25782,36.80942,,
N345,lemongrass,shop=beauty,London,Seymour Place,8a,,,,51.51465,-0.16097,,
N346,Jenny Shariff,shop=tailor,,,,,,,49.33856,-123.10294,,
N347,Christ Redeemer Church International,amenity=place_of_worship,Accra,,,,,,5.64658,-0.23551,,
N348,Z-Box,amenity=parcel_locker,,,,,24/7,https://www.zasilkovna.cz/pobocky/z-box-brno-bohunice-netroufalky-797-7,49.18014,16.56814,,
N349,Sekolah Tinggi Ilmu Administrasi Panglima Sudirman,amenity=college,,Jl. Nginden II/137,,+62 31 5947528,,,-7.30066,112.76623,,
N350,Apotek Kimia Farma,shop=chemist,,,,,,,-7.31652,112.75231,,
N351,Shoarma Salon,amenity=fast_food,Rotterdam,Dorpsweg,29,,,,51.89098,4.47297,,
N352,Asociación de Empresas del Parque Industrial de Cuenca,amenity=social_centre,Cuenca,Carlos Tosi Siri,,,,,-2.87648,-78.97724,,
N353,Kantor Kepolisian Sektor Gubeng,amenity=police,,,,,,,-7.2977,112.76133,,
N354,"""STK"" Sedulur Tunggal Kopi",amenity=cafe,,Jl. Urip Sumoharjo No.25,,,24/7,,-7.27478,112.74205,,
N355,Urban Outfitters,shop=clothes,London,Camden High Street,,,,,51.53937,-0.14324,,
N356,Mathare Community Outreach (Joy),amenity=school,,,,0723862515,,,-1.2639,36.8606,,
N357,Vidae Café,amenity=cafe,,,,,,,5.55484,-0.20108,,
N358,Saint Laurent,shop=clothes,München,Maximilianstraße,20,+49 89 203 044 800,Tu-Fr 10:00-19:00; Sa 10:00-18:00,https://www.ysl.com/de-de/stores/maximilian-str-30537,48.1387,11.58145,,
N359,TK Maxx,shop=department_store,,,,,,,51.87758,-8.43733,,
N360,Masjid Hitmatut Taqwa,amenity=place_of_worship,,,,,,,-7.26275,112.71047,,
N361,Wonk Bayraklı,amenity=cafe,İzmir,288/6. Sokak,14/A,,,,38.37515,27.14476,,
N362,Saint Joseph Chapel,amenity=place_of_worship,,,,,,,10.31482,123.90671,,
N363,Greendale,amenity=fast_food,,,,,,,10.35127,123.91337,,
N364,Starbrook Hotel,amenity=restaurant,Nairobi,Northern Bypass,,,,,-1.2055,36.78642,,
N365,Immaculate Conception Catholic Church,amenity=place_of_worship,Accra,Network Street,,,,,5.6127,-0.24042,,
N366,Folie Crabe,amenity=restaurant,Rotterdam,Oost-Wijnstraat,8-16,+31 6 2678 3099,Mo-Fr 16:00-22:00; Sa-Su 12:00-22:00,https://www.foliecrabe.nl,51.91882,4.49126,,
N367,Cebuana Lhuillier,shop=pawnbroker,Cebu City,Vicente Rama Avenue,,,,,10.32874,123.88116,,
N368,Clean Bliss Suds,shop=laundry,,,,,,,10.34495,123.9311,,
N369,VolkerRail,office=company,Rotterdam,Sluisjesdijk,37,,,https://www.volkerrail.nl,51.89543,4.46006,,
N370,Olsen,shop=clothes,,,,,"Mo-We 10:00-19:00; Th,Fr 10:00-21:00; Sa 10:00-20:00; Su 10:00-18:00",,49.32519,-123.13689,,
N371,Vida Grace Loves Jesus Christ,shop=curtain,Accra,Kwashie Bezrot,,,Mo-Sa 08:00-18:00,,5.61361,-0.23597,,
N372,Northwood,office=estate_agent,London,Norwood Road,493,+44 20 8299 9999,"Mo-Fr 09:00-18:00; Sa ""By appointment""; Su off",https://www.northwooduk.com/estate-agents-and-letting-agents/branch/west-norwood/,51.43564,-0.104,,
N373,Pegadaian,office=financial,,,,,,,-7.30347,112.73712,,
N374,Collins Barracks Military Museum,tourism=museum,Cork,Old Youghal Road,,+353 21 451 4252,"Tu-Fr 10:00-13:00, Fr 14:00-15:30, Mo off",https://www.military.ie/en/public-information/defence-forces-museums/collins-barracks-museum/,51.90707,-8.46227,,
N375,Kibra Peace Sub County Office,office=government,,,,,,,-1.30626,36.78784,,
N376,Pablo Artisan Coffee,shop=coffee,,,,,,,38.39688,27.06899,,
N377,SD Negeri Krembangan Selatan X,amenity=school,,,,,,,-7.23329,112.73173,,
N378,Café Konditorei Tortenparadies,amenity=cafe,München,Unterhachinger Straße,24,+49 89 62789555,Mo-Fr 07:00-18:00; Sa-Su 08:00-18:00; PH 08:00-18:00,https://tortenparadies-muenchen.jimdofree.com/,48.1001,11.62577,,
N379,Reanie Chemist Limited,amenity=pharmacy,,,,,,,5.60978,-0.18046,,
N380,Digiturk Park Cafe,amenity=cafe,,259 Sok.,,,,,38.39989,27.10732,,
N381,EBS,office=financial,,,,,,,51.88784,-8.59151,,
N382,North Parkade,amenity=parking,,,,,,,49.26904,-123.25093,,
N383,Realschule,leisure=sports_centre,,,,,,,48.13621,11.6826,,
N384,Mango,amenity=cafe,,Brookfield,,+353 21 434 7297,Mo-Fr 08:00-21:00,,51.89058,-8.50014,,
N385,Kennedy Park,leisure=park,,Victoria Road/Monahan Road,,,,,51.89522,-8.45559,,
N386,La Costurera,shop=tailor,,,,,,,10.31833,123.90487,,
N387,Coakley Moloney Solicitors,office=lawyer,Cork,South Mall,49,+353 21 427 3133,,https://www.como.ie/,51.89637,-8.47351,,
N388,Ataköy,shop=shoes,,,,,,,38.45496,27.11894,,
N389,España,tourism=hotel,,,,+59372831351,,,-2.89552,-78.99704,,
N390,Alexander Moksel Kindergarten,amenity=kindergarten,München,Sankt-Jakobs-Platz,18,,Mo-Th 07:30-17:00; Fr 07:30-14:30,https://www.ikg-m.de/schule-und-erziehung/kita/,48.13468,11.57172,,
N391,Pohoda,leisure=park,,,,,,,49.19615,16.61707,,
N392,Everest Wholesale Computers,shop=electronics,Accra,New Town Road,,,,,5.58467,-0.20795,,
N393,Evergreen,shop=laundry,,North End Road,34,,,,51.57133,-0.19353,,
N394,Kantor Pengelola Keuangan Dan Aset Daerah,office=government,,,,,,,-7.24568,112.74107,,
N395,Christ The King Parish Office,office=religion,Mandaue,Don G. LL. Ouano Street,,,,,10.33312,123.9488,,
N396,Mega,amenity=bank,,,,,,,-7.28145,112.68509,,
N397,Chicky Oink,amenity=fast_food,,,,,,,10.3241,123.97362,,
N398,Bayview Village,amenity=pub,,,,,,,5.66661,-0.17902,,
N399,Soho,amenity=bar,Vancouver,Hamilton Street,1283,,,,49.27413,-123.12411,,
N400,mark,shop=lighting,,,,,,,5.58089,-0.18535,,
