variant,city,frame,screen_positive,positive_share,duplicate_distant_name,category_token_contradiction,gazetteer_place_name
first_pass,Vancouver,14782,2510,0.169801,866,1702,72
first_pass,London,62165,12382,0.19918,6540,6153,606
first_pass,Cork,4507,677,0.150211,216,468,27
first_pass,Cebu,8091,1810,0.223705,862,1011,79
first_pass,Nairobi,14203,2718,0.191368,850,1996,106
first_pass,Accra,9432,1743,0.184796,601,1207,61
first_pass,Munich,29393,4361,0.148369,2406,2041,226
first_pass,Rotterdam,11631,1451,0.124753,670,681,169
first_pass,Brno,10544,1344,0.127466,700,647,141
first_pass,Cuenca,8636,1122,0.129921,381,705,111
first_pass,Surabaya,7373,816,0.110674,208,609,25
first_pass,İzmir,7867,1521,0.193339,944,636,97
first_pass,all,188624,32455,0.172062,15244,17856,1720
final,Vancouver,14782,800,0.05412,57,719,37
final,London,62165,3665,0.058956,714,2645,409
final,Cork,4507,237,0.052585,25,196,25
final,Cebu,8091,483,0.059696,12,445,30
final,Nairobi,14203,760,0.05351,55,680,41
final,Accra,9432,488,0.051739,41,434,20
final,Munich,29393,1195,0.040656,190,870,159
final,Rotterdam,11631,487,0.041871,85,298,108
final,Brno,10544,416,0.039454,66,273,79
final,Cuenca,8636,414,0.047939,76,244,110
final,Surabaya,7373,311,0.042181,15,282,18
final,İzmir,7867,379,0.048176,51,265,75
final,all,188624,9635,0.05108,1387,7351,1111
