class,city,corrupted,clean
M1,Accra,25,25
M1,Brno,25,25
M1,Cebu,25,25
M1,Cork,25,25
M1,Cuenca,25,25
M1,London,25,25
M1,Munich,25,25
M1,Nairobi,25,25
M1,Rotterdam,25,25
M1,Surabaya,25,25
M1,Vancouver,25,25
M1,İzmir,25,25
M2,Accra,8,8
M2,Brno,8,8
M2,Cebu,8,8
M2,Cork,8,8
M2,Cuenca,8,8
M2,London,9,9
M2,Munich,8,8
M2,Nairobi,9,9
M2,Rotterdam,8,8
M2,Surabaya,9,9
M2,Vancouver,9,9
M2,İzmir,8,8
M3,Accra,8,8
M3,Brno,8,8
M3,Cebu,9,9
M3,Cork,9,9
M3,Cuenca,8,8
M3,London,9,9
M3,Munich,8,8
M3,Nairobi,8,8
M3,Rotterdam,8,8
M3,Surabaya,8,8
M3,Vancouver,8,8
M3,İzmir,9,9
S1,Accra,8,8
S1,Brno,9,9
S1,Cebu,8,8
S1,Cork,8,8
S1,Cuenca,8,8
S1,London,9,9
S1,Munich,9,9
S1,Nairobi,8,8
S1,Rotterdam,8,8
S1,Surabaya,9,9
S1,Vancouver,8,8
S1,İzmir,8,8
S2,Accra,8,8
S2,Brno,8,8
S2,Cebu,9,9
S2,Cork,8,8
S2,Cuenca,8,8
S2,London,9,9
S2,Munich,8,8
S2,Nairobi,8,8
S2,Rotterdam,8,8
S2,Surabaya,8,8
S2,Vancouver,9,9
S2,İzmir,9,9
S3,Accra,8,8
S3,Brno,9,9
S3,Cebu,9,9
S3,Cork,8,8
S3,Cuenca,9,9
S3,London,8,8
S3,Munich,8,8
S3,Nairobi,8,8
S3,Rotterdam,8,8
S3,Surabaya,8,8
S3,Vancouver,9,9
S3,İzmir,8,8
S4,Accra,8,8
S4,Brno,9,9
S4,Cebu,9,9
S4,Cork,8,8
S4,Cuenca,8,8
S4,London,8,8
S4,Munich,9,9
S4,Nairobi,8,8
S4,Rotterdam,8,8
S4,Surabaya,8,8
S4,Vancouver,8,8
S4,İzmir,9,9
