group,items,flagged,flag_rate,flag_rate_low,flag_rate_high,field_hit,field_hit_rate
M1-clean,300,9,0.03,0.0159,0.056,,
M1-corrupted,300,14,0.0467,0.028,0.0768,0,0.0
M2-clean,100,10,0.1,0.0552,0.1744,,
M2-corrupted,100,100,1.0,0.963,1.0,100,1.0
M3-clean,100,10,0.1,0.0552,0.1744,,
M3-corrupted,100,100,1.0,0.963,1.0,100,1.0
S1-clean,100,16,0.16,0.101,0.2442,,
S1-corrupted,100,100,1.0,0.963,1.0,100,1.0
S2-clean,100,8,0.08,0.0411,0.15,,
S2-corrupted,100,100,1.0,0.963,1.0,100,1.0
S3-clean,100,16,0.16,0.101,0.2442,,
S3-corrupted,100,100,1.0,0.963,1.0,100,1.0
S4-clean,100,6,0.06,0.0278,0.1248,,
S4-corrupted,100,100,1.0,0.963,1.0,100,1.0
