run,model,task,prompt_version,view,constrained,answers,invalid,invalid_rate,median_total_sec,median_output_tokens_per_sec,median_output_tokens,wall_sec
injected_detect_v1,gemma4:12b,detect,1,full,True,1800,0,0.0,1.075,44.53,13.0,1953.2
injected_detect_v1,gemma4:e2b,detect,1,full,True,1800,0,0.0,0.571,127.44,20.0,1000.5
injected_detect_v1,gemma4:e4b,detect,1,full,True,1800,0,0.0,0.613,79.27,13.0,1114.0
injected_detect_v1,granite4.1:3b,detect,1,full,True,1800,0,0.0,0.231,120.86,13.0,419.2
injected_detect_v1,granite4.1:8b,detect,1,full,True,1800,0,0.0,0.367,73.44,17.0,646.0
injected_detect_v1,llama3.1:8b,detect,1,full,True,1800,0,0.0,0.459,69.86,18.0,833.2
injected_detect_v1,openbmb/minicpm5:q4_K_M,detect,1,full,True,1800,0,0.0,0.2,311.37,16.0,365.1
injected_detect_v1,phi4:latest,detect,1,full,True,1800,0,0.0,0.536,45.34,17.0,977.5
injected_detect_v1,phi4-mini:latest,detect,1,full,True,1800,0,0.0,0.363,108.38,17.0,659.7
injected_detect_v1,qwen3.5:2b-q4_K_M,detect,1,full,True,1800,0,0.0,0.47,123.87,17.0,853.8
injected_detect_v1,qwen3.5:4b,detect,1,full,True,1800,0,0.0,0.554,93.76,13.0,1006.2
injected_detect_v1,qwen3.5:9b,detect,1,full,True,1800,0,0.0,0.65,68.19,11.0,1233.6
injected_detect_v2,gemma4:12b,detect,2,full,True,1800,0,0.0,1.099,44.48,13.0,1984.4
injected_detect_v2,gemma4:e2b,detect,2,full,True,1800,0,0.0,0.565,79.69,13.0,1020.0
injected_detect_v2,gemma4:e4b,detect,2,full,True,1800,0,0.0,0.611,75.2,14.0,1098.0
injected_detect_v2,granite4.1:3b,detect,2,full,True,1800,0,0.0,0.229,129.13,13.0,413.6
injected_detect_v2,granite4.1:8b,detect,2,full,True,1800,0,0.0,0.324,73.47,13.0,598.9
injected_detect_v2,llama3.1:8b,detect,2,full,True,1800,0,0.0,0.455,71.88,18.0,821.2
injected_detect_v2,openbmb/minicpm5:q4_K_M,detect,2,full,True,1800,0,0.0,0.201,276.82,16.0,363.0
injected_detect_v2,phi4:latest,detect,2,full,True,1800,0,0.0,0.536,45.32,17.0,968.0
injected_detect_v2,phi4-mini:latest,detect,2,full,True,1800,0,0.0,0.374,112.98,17.0,676.1
injected_detect_v2,qwen3.5:2b-q4_K_M,detect,2,full,True,1800,0,0.0,0.48,139.0,21.0,862.2
injected_detect_v2,qwen3.5:4b,detect,2,full,True,1800,0,0.0,0.559,90.53,13.0,1008.2
injected_detect_v2,qwen3.5:9b,detect,2,full,True,1800,0,0.0,0.639,68.13,11.0,1210.8
m1_name_full_v1,gemma4:12b,name,1,full,True,600,0,0.0,0.801,53.86,8.0,480.7
m1_name_full_v1,gemma4:e2b,name,1,full,True,600,0,0.0,0.545,168.28,13.0,329.9
m1_name_full_v1,gemma4:e4b,name,1,full,True,600,0,0.0,0.557,105.75,8.0,334.7
m1_name_full_v1,granite4.1:3b,name,1,full,True,600,0,0.0,0.168,156.36,8.0,101.2
m1_name_full_v1,granite4.1:8b,name,1,full,True,600,0,0.0,0.274,78.25,11.0,165.5
m1_name_full_v1,llama3.1:8b,name,1,full,True,600,0,0.0,0.341,75.96,11.0,205.8
m1_name_full_v1,openbmb/minicpm5:q4_K_M,name,1,full,True,600,0,0.0,0.169,399.33,7.0,102.9
m1_name_full_v1,phi4:latest,name,1,full,True,600,0,0.0,0.378,48.74,11.0,228.8
m1_name_full_v1,phi4-mini:latest,name,1,full,True,600,0,0.0,0.29,142.73,11.0,172.9
m1_name_full_v1,qwen3.5:2b-q4_K_M,name,1,full,True,600,0,0.0,0.386,217.4,13.0,237.1
m1_name_full_v1,qwen3.5:4b,name,1,full,True,600,0,0.0,0.533,117.81,13.0,316.9
m1_name_full_v1,qwen3.5:9b,name,1,full,True,600,0,0.0,0.56,80.02,7.0,357.2
m1_name_full_v1,qwen/qwen3.5-397b-a17b,name,1,full,True,600,0,0.0,,,8.0,
m1_name_full_v1,z-ai/glm-5.2,name,1,full,True,600,0,0.0,,,7.0,
m1_name_name_only_v1,gemma4:12b,name,1,name_only,True,600,0,0.0,0.702,53.9,8.0,420.8
m1_name_name_only_v1,gemma4:e2b,name,1,name_only,True,600,0,0.0,0.519,169.14,13.0,314.7
m1_name_name_only_v1,gemma4:e4b,name,1,name_only,True,600,0,0.0,0.518,106.0,8.0,310.7
m1_name_name_only_v1,granite4.1:3b,name,1,name_only,True,600,0,0.0,0.163,158.49,8.0,97.8
m1_name_name_only_v1,granite4.1:8b,name,1,name_only,True,600,0,0.0,0.263,79.01,11.0,158.2
m1_name_name_only_v1,llama3.1:8b,name,1,name_only,True,600,0,0.0,0.333,76.52,11.0,200.2
m1_name_name_only_v1,openbmb/minicpm5:q4_K_M,name,1,name_only,True,600,0,0.0,0.178,288.6,8.0,106.9
m1_name_name_only_v1,phi4:latest,name,1,name_only,True,600,0,0.0,0.363,49.14,11.0,217.8
m1_name_name_only_v1,phi4-mini:latest,name,1,name_only,True,600,0,0.0,0.316,104.6,11.0,185.9
m1_name_name_only_v1,qwen3.5:2b-q4_K_M,name,1,name_only,True,600,0,0.0,0.393,216.95,13.0,236.4
m1_name_name_only_v1,qwen3.5:4b,name,1,name_only,True,600,0,0.0,0.508,118.14,13.0,302.0
m1_name_name_only_v1,qwen3.5:9b,name,1,name_only,True,600,0,0.0,0.53,80.05,7.0,335.3
m1_name_tags_only_v1,gemma4:12b,name,1,tags_only,True,600,0,0.0,0.785,53.91,8.0,474.5
m1_name_tags_only_v1,gemma4:e2b,name,1,tags_only,True,600,0,0.0,0.544,168.26,13.0,330.3
m1_name_tags_only_v1,gemma4:e4b,name,1,tags_only,True,600,0,0.0,0.554,105.89,8.0,333.2
m1_name_tags_only_v1,granite4.1:3b,name,1,tags_only,True,600,0,0.0,0.167,156.09,8.0,100.5
m1_name_tags_only_v1,granite4.1:8b,name,1,tags_only,True,600,0,0.0,0.271,78.25,11.0,163.4
m1_name_tags_only_v1,llama3.1:8b,name,1,tags_only,True,600,0,0.0,0.339,75.91,11.0,204.4
m1_name_tags_only_v1,openbmb/minicpm5:q4_K_M,name,1,tags_only,True,600,0,0.0,0.174,310.43,8.0,104.7
m1_name_tags_only_v1,phi4:latest,name,1,tags_only,True,600,0,0.0,0.376,47.39,11.0,227.3
m1_name_tags_only_v1,phi4-mini:latest,name,1,tags_only,True,600,0,0.0,0.271,146.58,8.0,165.1
m1_name_tags_only_v1,qwen3.5:2b-q4_K_M,name,1,tags_only,True,600,0,0.0,0.398,214.79,13.0,239.6
m1_name_tags_only_v1,qwen3.5:4b,name,1,tags_only,True,600,0,0.0,0.536,117.83,13.0,321.1
m1_name_tags_only_v1,qwen3.5:9b,name,1,tags_only,True,600,0,0.0,0.557,80.13,7.0,349.7
m1_name_neither_v1,gemma4:12b,name,1,neither,True,600,0,0.0,0.662,54.72,8.0,397.4
m1_name_neither_v1,gemma4:e2b,name,1,neither,True,600,0,0.0,0.514,171.21,13.0,308.1
m1_name_neither_v1,gemma4:e4b,name,1,neither,True,600,0,0.0,0.51,107.01,8.0,305.8
m1_name_neither_v1,granite4.1:3b,name,1,neither,True,600,0,0.0,0.161,158.8,8.0,97.0
m1_name_neither_v1,granite4.1:8b,name,1,neither,True,600,0,0.0,0.268,75.42,11.0,160.6
m1_name_neither_v1,llama3.1:8b,name,1,neither,True,600,0,0.0,0.332,76.58,11.0,199.1
m1_name_neither_v1,openbmb/minicpm5:q4_K_M,name,1,neither,True,600,0,0.0,0.173,288.99,8.0,103.8
m1_name_neither_v1,phi4:latest,name,1,neither,True,600,0,0.0,0.363,47.77,11.0,217.9
m1_name_neither_v1,phi4-mini:latest,name,1,neither,True,600,0,0.0,0.314,125.33,13.0,184.6
m1_name_neither_v1,qwen3.5:2b-q4_K_M,name,1,neither,True,600,0,0.0,0.405,172.24,13.0,242.9
m1_name_neither_v1,qwen3.5:4b,name,1,neither,True,600,0,0.0,0.519,118.32,13.0,311.3
m1_name_neither_v1,qwen3.5:9b,name,1,neither,True,600,0,0.0,0.512,80.58,7.0,307.6
m1_name_neither_v1,qwen/qwen3.5-397b-a17b,name,1,neither,True,600,0,0.0,,,8.0,
m1_name_neither_v1,z-ai/glm-5.2,name,1,neither,True,600,0,0.0,,,7.0,
m1_name_name_only_held_v1,gemma4:12b,name,1,name_only,True,600,0,0.0,0.793,54.0,8.0,484.5
m1_name_name_only_held_v1,gemma4:e2b,name,1,name_only,True,600,0,0.0,0.525,169.23,13.0,322.2
m1_name_name_only_held_v1,gemma4:e4b,name,1,name_only,True,600,0,0.0,0.549,106.25,8.0,336.8
m1_name_name_only_held_v1,granite4.1:3b,name,1,name_only,True,600,0,0.0,0.165,156.82,8.0,101.6
m1_name_name_only_held_v1,granite4.1:8b,name,1,name_only,True,600,0,0.0,0.266,78.23,11.0,164.2
m1_name_name_only_held_v1,llama3.1:8b,name,1,name_only,True,600,0,0.0,0.339,76.03,11.0,207.5
m1_name_name_only_held_v1,openbmb/minicpm5:q4_K_M,name,1,name_only,True,600,0,0.0,0.176,303.69,12.0,106.8
m1_name_name_only_held_v1,phi4:latest,name,1,name_only,True,600,0,0.0,0.374,47.38,11.0,230.9
m1_name_name_only_held_v1,phi4-mini:latest,name,1,name_only,True,600,0,0.0,0.284,117.6,8.0,172.3
m1_name_name_only_held_v1,qwen3.5:2b-q4_K_M,name,1,name_only,True,600,0,0.0,0.407,171.76,13.0,246.6
m1_name_name_only_held_v1,qwen3.5:4b,name,1,name_only,True,600,0,0.0,0.51,102.93,13.0,306.5
m1_name_name_only_held_v1,qwen3.5:9b,name,1,name_only,True,600,0,0.0,0.533,80.19,7.0,334.6
m1_name_tags_only_held_v1,gemma4:12b,name,1,tags_only,True,600,0,0.0,0.801,53.95,8.0,482.8
m1_name_tags_only_held_v1,gemma4:e2b,name,1,tags_only,True,600,0,0.0,0.557,119.16,13.0,330.9
m1_name_tags_only_held_v1,gemma4:e4b,name,1,tags_only,True,600,0,0.0,0.552,105.98,8.0,331.5
m1_name_tags_only_held_v1,granite4.1:3b,name,1,tags_only,True,600,0,0.0,0.167,156.68,8.0,101.0
m1_name_tags_only_held_v1,granite4.1:8b,name,1,tags_only,True,600,0,0.0,0.268,78.24,11.0,162.8
m1_name_tags_only_held_v1,llama3.1:8b,name,1,tags_only,True,600,0,0.0,0.342,75.93,11.0,206.7
m1_name_tags_only_held_v1,openbmb/minicpm5:q4_K_M,name,1,tags_only,True,600,0,0.0,0.168,306.31,8.0,102.3
m1_name_tags_only_held_v1,phi4:latest,name,1,tags_only,True,600,0,0.0,0.38,47.36,11.0,229.7
m1_name_tags_only_held_v1,phi4-mini:latest,name,1,tags_only,True,600,0,0.0,0.286,121.0,8.0,172.1
m1_name_tags_only_held_v1,qwen3.5:2b-q4_K_M,name,1,tags_only,True,600,0,0.0,0.392,215.05,13.0,235.9
m1_name_tags_only_held_v1,qwen3.5:4b,name,1,tags_only,True,600,0,0.0,0.535,117.48,13.0,318.7
m1_name_tags_only_held_v1,qwen3.5:9b,name,1,tags_only,True,600,0,0.0,0.55,80.16,7.0,349.7
m1_name_full_v2,gemma4:12b,name,2,full,True,600,0,0.0,0.817,53.75,8.0,489.0
m1_name_full_v2,gemma4:e2b,name,2,full,True,600,0,0.0,0.549,166.66,13.0,333.0
m1_name_full_v2,gemma4:e4b,name,2,full,True,600,0,0.0,0.561,105.66,8.0,336.3
m1_name_full_v2,granite4.1:3b,name,2,full,True,600,0,0.0,0.168,156.07,8.0,101.6
m1_name_full_v2,granite4.1:8b,name,2,full,True,600,0,0.0,0.271,78.28,11.0,163.1
m1_name_full_v2,llama3.1:8b,name,2,full,True,600,0,0.0,0.343,75.86,11.0,206.5
m1_name_full_v2,openbmb/minicpm5:q4_K_M,name,2,full,True,600,0,0.0,0.168,399.43,7.0,101.5
m1_name_full_v2,phi4:latest,name,2,full,True,600,0,0.0,0.374,48.78,11.0,227.2
m1_name_full_v2,phi4-mini:latest,name,2,full,True,600,0,0.0,0.267,146.86,8.0,160.4
m1_name_full_v2,qwen3.5:2b-q4_K_M,name,2,full,True,600,0,0.0,0.387,217.24,13.0,232.4
m1_name_full_v2,qwen3.5:4b,name,2,full,True,600,0,0.0,0.534,117.7,13.0,315.5
m1_name_full_v2,qwen3.5:9b,name,2,full,True,600,0,0.0,0.64,75.47,13.0,370.7
natural_name_v1,gemma4:12b,name,1,full,True,250,0,0.0,0.791,53.88,8.0,198.9
natural_name_v1,gemma4:e2b,name,1,full,True,250,0,0.0,0.539,167.67,13.0,135.2
natural_name_v1,gemma4:e4b,name,1,full,True,250,0,0.0,0.556,105.73,8.0,139.6
natural_name_v1,granite4.1:3b,name,1,full,True,250,0,0.0,0.168,156.07,8.0,42.4
natural_name_v1,granite4.1:8b,name,1,full,True,250,0,0.0,0.274,78.22,11.0,69.3
natural_name_v1,llama3.1:8b,name,1,full,True,250,0,0.0,0.342,75.91,11.0,86.1
natural_name_v1,openbmb/minicpm5:q4_K_M,name,1,full,True,250,0,0.0,0.171,397.84,7.0,43.2
natural_name_v1,phi4:latest,name,1,full,True,250,0,0.0,0.379,47.4,11.0,96.2
natural_name_v1,phi4-mini:latest,name,1,full,True,250,0,0.0,0.303,121.41,11.0,73.9
natural_name_v1,qwen3.5:2b-q4_K_M,name,1,full,True,250,0,0.0,0.385,217.51,13.0,96.5
natural_name_v1,qwen3.5:4b,name,1,full,True,250,0,0.0,0.532,117.87,13.0,130.8
natural_name_v1,qwen3.5:9b,name,1,full,True,250,0,0.0,0.631,75.63,13.0,151.5
natural_name_v1,qwen/qwen3.5-397b-a17b,name,1,full,True,250,0,0.0,,,8.0,
natural_name_v1,z-ai/glm-5.2,name,1,full,True,250,0,0.0,,,7.0,
natural_name_v2,gemma4:12b,name,2,full,True,250,0,0.0,0.81,53.76,8.0,203.1
natural_name_v2,gemma4:e2b,name,2,full,True,250,0,0.0,0.54,136.69,13.0,134.7
natural_name_v2,gemma4:e4b,name,2,full,True,250,0,0.0,0.556,105.57,8.0,139.4
natural_name_v2,granite4.1:3b,name,2,full,True,250,0,0.0,0.169,155.93,8.0,42.6
natural_name_v2,granite4.1:8b,name,2,full,True,250,0,0.0,0.272,78.27,11.0,68.7
natural_name_v2,llama3.1:8b,name,2,full,True,250,0,0.0,0.344,75.87,11.0,86.5
natural_name_v2,openbmb/minicpm5:q4_K_M,name,2,full,True,250,0,0.0,0.17,397.43,8.0,42.5
natural_name_v2,phi4:latest,name,2,full,True,250,0,0.0,0.375,48.78,11.0,95.3
natural_name_v2,phi4-mini:latest,name,2,full,True,250,0,0.0,0.268,146.87,8.0,67.4
natural_name_v2,qwen3.5:2b-q4_K_M,name,2,full,True,250,0,0.0,0.386,217.46,13.0,96.6
natural_name_v2,qwen3.5:4b,name,2,full,True,250,0,0.0,0.532,117.79,13.0,130.5
natural_name_v2,qwen3.5:9b,name,2,full,True,250,0,0.0,0.639,75.48,13.0,154.1
m1_name_full_v1_unconstrained,gemma4:12b,name,1,full,False,600,0,0.0,0.814,53.44,8.0,499.7
m1_name_full_v1_unconstrained,gemma4:e2b,name,1,full,False,600,135,0.225,0.542,167.01,18.0,325.5
m1_name_full_v1_unconstrained,gemma4:e4b,name,1,full,False,600,0,0.0,0.556,105.84,8.0,334.3
m1_name_full_v1_unconstrained,granite4.1:3b,name,1,full,False,600,0,0.0,0.168,156.13,8.0,101.2
m1_name_full_v1_unconstrained,granite4.1:8b,name,1,full,False,600,81,0.135,0.274,78.29,11.0,165.3
m1_name_full_v1_unconstrained,llama3.1:8b,name,1,full,False,600,600,1.0,3.39,80.27,256.0,2653.2
m1_name_full_v1_unconstrained,openbmb/minicpm5:q4_K_M,name,1,full,False,600,278,0.4633,0.171,388.56,12.0,136.3
m1_name_full_v1_unconstrained,phi4:latest,name,1,full,False,600,268,0.4467,0.457,47.63,15.0,274.8
m1_name_full_v1_unconstrained,phi4-mini:latest,name,1,full,False,600,3,0.005,0.285,141.76,12.0,253.9
m1_name_full_v1_unconstrained,qwen3.5:2b-q4_K_M,name,1,full,False,600,103,0.1717,0.389,216.97,13.0,275.1
m1_name_full_v1_unconstrained,qwen3.5:4b,name,1,full,False,600,77,0.1283,0.532,117.89,13.0,363.6
m1_name_full_v1_unconstrained,qwen3.5:9b,name,1,full,False,600,0,0.0,0.559,80.01,7.0,356.0
natural_name_v1_unconstrained,gemma4:12b,name,1,full,False,250,1,0.004,0.793,53.89,8.0,202.6
natural_name_v1_unconstrained,gemma4:e2b,name,1,full,False,250,74,0.296,0.541,166.95,18.0,135.5
natural_name_v1_unconstrained,gemma4:e4b,name,1,full,False,250,2,0.008,0.555,105.75,8.0,139.1
natural_name_v1_unconstrained,granite4.1:3b,name,1,full,False,250,0,0.0,0.169,156.01,8.0,42.4
natural_name_v1_unconstrained,granite4.1:8b,name,1,full,False,250,51,0.204,0.279,78.26,11.0,71.2
natural_name_v1_unconstrained,llama3.1:8b,name,1,full,False,250,250,1.0,3.393,80.32,256.0,858.5
natural_name_v1_unconstrained,openbmb/minicpm5:q4_K_M,name,1,full,False,250,125,0.5,0.182,381.27,15.0,58.5
natural_name_v1_unconstrained,phi4:latest,name,1,full,False,250,134,0.536,0.458,47.63,15.0,115.6
natural_name_v1_unconstrained,phi4-mini:latest,name,1,full,False,250,1,0.004,0.286,141.7,12.0,110.5
natural_name_v1_unconstrained,qwen3.5:2b-q4_K_M,name,1,full,False,250,35,0.14,0.39,216.9,13.0,113.0
natural_name_v1_unconstrained,qwen3.5:4b,name,1,full,False,250,26,0.104,0.532,117.9,13.0,146.3
natural_name_v1_unconstrained,qwen3.5:9b,name,1,full,False,250,0,0.0,0.635,75.67,13.0,151.8
