source,city,records,covered,coverage,ci_low,ci_high
geonames_poi,Vancouver,14782,3058,0.206873,0.20042,0.213479
geonames_poi,London,62165,22985,0.369742,0.365955,0.373545
geonames_poi,Cork,4507,710,0.157533,0.147189,0.16846
geonames_poi,Cebu,8091,1161,0.143493,0.136023,0.151301
geonames_poi,Nairobi,14203,4999,0.351968,0.344155,0.359861
geonames_poi,Accra,9432,152,0.016115,0.013764,0.018861
geonames_poi,Munich,29393,6015,0.204641,0.200067,0.209291
geonames_poi,Rotterdam,11631,1289,0.110825,0.105248,0.116658
geonames_poi,Brno,10544,1284,0.121775,0.115671,0.128156
geonames_poi,Cuenca,8636,571,0.066119,0.061068,0.071555
geonames_poi,Surabaya,7373,317,0.042995,0.038598,0.047868
geonames_poi,İzmir,7867,1013,0.128766,0.121545,0.136349
geonames_poi,all,188624,43554,0.230904,0.229008,0.232811
wikidata_poi,Vancouver,14782,4468,0.30226,0.294908,0.309713
wikidata_poi,London,62165,34351,0.552578,0.548666,0.556483
wikidata_poi,Cork,4507,1211,0.268693,0.255953,0.281828
wikidata_poi,Cebu,8091,1680,0.207638,0.19894,0.216614
wikidata_poi,Nairobi,14203,418,0.02943,0.026776,0.03234
wikidata_poi,Accra,9432,517,0.054813,0.050398,0.059591
wikidata_poi,Munich,29393,8198,0.27891,0.273812,0.284065
wikidata_poi,Rotterdam,11631,3817,0.328175,0.319699,0.336764
wikidata_poi,Brno,10544,3108,0.294765,0.286138,0.303541
wikidata_poi,Cuenca,8636,1979,0.229157,0.220414,0.238141
wikidata_poi,Surabaya,7373,1503,0.203852,0.194812,0.213201
wikidata_poi,İzmir,7867,1696,0.215584,0.206637,0.224809
wikidata_poi,all,188624,62946,0.333712,0.331587,0.335843
any_authority,Vancouver,14782,5426,0.367068,0.359333,0.374872
any_authority,London,62165,39295,0.632108,0.628309,0.635891
any_authority,Cork,4507,1386,0.307522,0.294218,0.321153
any_authority,Cebu,8091,2137,0.264121,0.254628,0.273837
any_authority,Nairobi,14203,5320,0.374569,0.366644,0.382562
any_authority,Accra,9432,571,0.060539,0.055902,0.065533
any_authority,Munich,29393,10451,0.355561,0.350108,0.361052
any_authority,Rotterdam,11631,4097,0.352248,0.343617,0.360977
any_authority,Brno,10544,3528,0.334598,0.325653,0.343663
any_authority,Cuenca,8636,2191,0.253705,0.244639,0.262991
any_authority,Surabaya,7373,1594,0.216194,0.206947,0.225737
any_authority,İzmir,7867,2107,0.267828,0.258157,0.277725
any_authority,all,188624,78103,0.414067,0.411846,0.416292
